commenter,responds_to,is_root_comment,post_id,created_utc,score
Fixitformethankyou,fleetvangreta,True,qf3mcs,1635122214.0,1
Anal-Vibration,fleetvangreta,True,qf3mcs,1635118667.0,1
fleetvangreta,Fixitformethankyou,False,qf3mcs,1635123475.0,1
tecfa96,Anal-Vibration,False,qf3mcs,1635122027.0,1
bot_canillita,RouCitizen,True,qf3hzm,1635116709.0,1
jubiladoviolento,noodlion97,True,qf3bb0,1635116452.0,8
geniowe2002,noodlion97,True,qf3bb0,1635118647.0,1
enqdzj,noodlion97,True,qf3bb0,1635118670.0,1
Schnackenpfeffer,noodlion97,True,qf3bb0,1635119090.0,1
JPHierophant,noodlion97,True,qf3bb0,1635119812.0,1
esteban_108,noodlion97,True,qf3bb0,1635120637.0,1
Fixitformethankyou,noodlion97,True,qf3bb0,1635122364.0,1
No-Direction3939,noodlion97,True,qf3bb0,1635123406.0,1
noodlion97,jubiladoviolento,False,qf3bb0,1635116524.0,3
noodlion97,enqdzj,False,qf3bb0,1635118832.0,1
jubiladoviolento,noodlion97,False,qf3bb0,1635116657.0,5
Sir_Chivo,Chronox157,True,qf397q,1635116985.0,1
Teutonicuss,Chronox157,True,qf397q,1635121106.0,1
Chronox157,Sir_Chivo,False,qf397q,1635117193.0,1
Sir_Chivo,Chronox157,False,qf397q,1635117780.0,1
Estebanm95,ViudaParaguaya,True,qf3208,1635119878.0,1
markabrake,ViudaParaguaya,True,qf3208,1635117419.0,1
TheGameOfS,urymasa1970,True,qf2qtp,1635119551.0,1
MattKerplunk,urymasa1970,True,qf2qtp,1635115226.0,9
guille_ur,urymasa1970,True,qf2qtp,1635116254.0,3
exellius22,urymasa1970,True,qf2qtp,1635116449.0,3
Dear_Ad_3860,urymasa1970,True,qf2qtp,1635120691.0,1
Cheap-Relationship86,Party_Spirit9992,True,qf2mfp,1635115833.0,4
tecfa96,Party_Spirit9992,True,qf2mfp,1635115642.0,3
SVPPB,Party_Spirit9992,True,qf2mfp,1635119411.0,1
Party_Spirit9992,Cheap-Relationship86,False,qf2mfp,1635120658.0,1
pajarito_ambulante,tecfa96,False,qf2mfp,1635121084.0,1
Cheap-Relationship86,Party_Spirit9992,False,qf2mfp,1635123139.0,1
tecfa96,pajarito_ambulante,False,qf2mfp,1635121954.0,1
FavDz,SmartNidalee,True,qf1siv,1635112680.0,6
nachmars,SmartNidalee,True,qf1siv,1635114702.0,5
nacho013,SmartNidalee,True,qf1siv,1635111787.0,5
goldenfriedcake,SmartNidalee,True,qf1siv,1635112118.0,4
Hernan_OF,SmartNidalee,True,qf1siv,1635119481.0,1
fabiangol16,SmartNidalee,True,qf1siv,1635115263.0,1
AdConsistent8993,SmartNidalee,True,qf1siv,1635115934.0,1
GoDiegoGo_uy,SmartNidalee,True,qf1siv,1635117794.0,1
SmartNidalee,FavDz,False,qf1siv,1635112848.0,8
SmartNidalee,nachmars,False,qf1siv,1635115164.0,2
SantiEstres,Hernan_OF,False,qf1siv,1635121576.0,1
ThatwasGibberish,relanito,True,qf0hy6,1635110679.0,23
Estebanm95,relanito,True,qf0hy6,1635111268.0,17
rozen-doru,relanito,True,qf0hy6,1635113168.0,13
gmuslera,relanito,True,qf0hy6,1635113223.0,9
JPHierophant,relanito,True,qf0hy6,1635115984.0,8
ProcedureMaterial628,relanito,True,qf0hy6,1635115827.0,6
No-Direction3939,rozen-doru,False,qf0hy6,1635116963.0,1
MakZoz-25,JPHierophant,False,qf0hy6,1635117200.0,1
The-H007,JPHierophant,False,qf0hy6,1635121018.0,1
JstAnthrGrl,ElPeruanoBitcoiner,True,qf0ex1,1635112828.0,3
relanito,ElPeruanoBitcoiner,True,qf0ex1,1635107303.0,1
agsuy,ElPeruanoBitcoiner,True,qf0ex1,1635115567.0,1
lito1515,ElPeruanoBitcoiner,True,qf0ex1,1635116086.0,1
ThatwasGibberish,ElPeruanoBitcoiner,True,qf0ex1,1635110953.0,-1
ElPeruanoBitcoiner,JstAnthrGrl,False,qf0ex1,1635113454.0,1
averagelorplayer,Akamaramas,True,qezlbp,1635110465.0,4
stoner277,Akamaramas,True,qezlbp,1635116132.0,3
Tazik004,Akamaramas,True,qezlbp,1635109628.0,5
UruGUY98,Akamaramas,True,qezlbp,1635117824.0,1
ArepaConMate,Akamaramas,True,qezlbp,1635111136.0,2
moroniplancha,Tazik004,False,qezlbp,1635110483.0,3
tonterias,Tazik004,False,qezlbp,1635120871.0,1
Tazik004,tonterias,False,qezlbp,1635122721.0,1
Akamaramas,mauricio32257,True,qeyntm,1635102991.0,3
Dear_Ad_3860,mauricio32257,True,qeyntm,1635121205.0,1
espumaplas,mauricio32257,True,qeyntm,1635114995.0,-1
darkyoruga,TransitionSea8046,True,qeybwt,1635105224.0,22
Enchilada_McMustang,TransitionSea8046,True,qeybwt,1635109705.0,7
ResearcherHawk446,TransitionSea8046,True,qeybwt,1635111901.0,6
_F121_,TransitionSea8046,True,qeybwt,1635102825.0,4
WithyStonks811,TransitionSea8046,True,qeybwt,1635102195.0,3
bettodiaz86,TransitionSea8046,True,qeybwt,1635113434.0,2
Diabeanie33,TransitionSea8046,True,qeybwt,1635118029.0,1
tecfa96,TransitionSea8046,True,qeybwt,1635119003.0,1
Durdandu,TransitionSea8046,True,qeybwt,1635107235.0,2
TheSanchoWayne,TransitionSea8046,True,qeybwt,1635120459.0,1
AdmiralKeg,darkyoruga,False,qeybwt,1635106167.0,4
LowWindow7816,darkyoruga,False,qeybwt,1635109741.0,-1
alotropico,Enchilada_McMustang,False,qeybwt,1635116993.0,1
gmuslera,_F121_,False,qeybwt,1635104471.0,10
averagelorplayer,_F121_,False,qeybwt,1635106492.0,8
UruGUY98,_F121_,False,qeybwt,1635121442.0,1
psicodelico6,LowWindow7816,False,qeybwt,1635111268.0,4
Remote_Putrid,LowWindow7816,False,qeybwt,1635117541.0,1
ResearcherHawk446,psicodelico6,False,qeybwt,1635111932.0,3
psicodelico6,ResearcherHawk446,False,qeybwt,1635112213.0,5
ResearcherHawk446,psicodelico6,False,qeybwt,1635113027.0,3
fant3k,TimKa767,True,qey83c,1635101221.0,3
Specific-Benefit,TimKa767,True,qey83c,1635112666.0,3
PanchoxxLocoxx,TimKa767,True,qey83c,1635115996.0,2
gmuslera,TimKa767,True,qey83c,1635104568.0,5
Yupi-Destiny,TimKa767,True,qey83c,1635111343.0,1
Enchilada_McMustang,TimKa767,True,qey83c,1635116956.0,1
Dear_Ad_3860,TimKa767,True,qey83c,1635121845.0,1
Fixitformethankyou,TimKa767,True,qey83c,1635122257.0,1
Gobeltik,TimKa767,True,qey83c,1635109880.0,0
Gobeltik,fant3k,False,qey83c,1635109969.0,4
ResearcherHawk446,Specific-Benefit,False,qey83c,1635113397.0,1
ResearcherHawk446,gmuslera,False,qey83c,1635113323.0,1
Specific-Benefit,Gobeltik,False,qey83c,1635112630.0,3
gmuslera,ResearcherHawk446,False,qey83c,1635118351.0,1
notzonan,ResearcherHawk446,True,qey2l1,1635104368.0,4
lito1515,ResearcherHawk446,True,qey2l1,1635116713.0,1
ResearcherHawk446,notzonan,False,qey2l1,1635112977.0,2
Loud-Geologist-5815,ThatwasGibberish,True,qexnc3,1635105284.0,10
geniowe2002,ThatwasGibberish,True,qexnc3,1635102592.0,5
Sicarius_Tacet,ThatwasGibberish,True,qexnc3,1635100339.0,11
SopaDoMacaco,ThatwasGibberish,True,qexnc3,1635107317.0,3
Akamaramas,ThatwasGibberish,True,qexnc3,1635103177.0,3
Zero-Byte,ThatwasGibberish,True,qexnc3,1635122395.0,1
Falubi,Loud-Geologist-5815,False,qexnc3,1635117790.0,1
Tulio_58,Sicarius_Tacet,False,qexnc3,1635110017.0,6
ripichipi25,Akamaramas,False,qexnc3,1635104136.0,3
Enchilada_McMustang,Akamaramas,False,qexnc3,1635110278.0,4
Dear_Ad_3860,Akamaramas,False,qexnc3,1635121530.0,1
UruGUY98,Enchilada_McMustang,False,qexnc3,1635117696.0,1
ideka,urymasa1970,True,qewp8n,1635106154.0,2
Gobeltik,urymasa1970,True,qewp8n,1635110301.0,1
Rain1984,ideka,False,qewp8n,1635106724.0,2
urymasa1970,urymasa1970,True,qets28,1635087585.0,4
AdmiralKeg,RecommendationNo33,True,qes75l,1635102162.0,10
averagelorplayer,RecommendationNo33,True,qes75l,1635098663.0,10
AdrianMesaUY,RecommendationNo33,True,qes75l,1635094827.0,16
terryheavy,RecommendationNo33,True,qes75l,1635112173.0,5
bot_canillita,RecommendationNo33,True,qes75l,1635082267.0,4
Good_Development,RecommendationNo33,True,qes75l,1635092489.0,14
VedicLight8,RecommendationNo33,True,qes75l,1635082830.0,24
RecommendationNo33,RecommendationNo33,True,qes75l,1635082263.0,16
Hurso81,RecommendationNo33,True,qes75l,1635093449.0,-9
Dear_Ad_3860,RecommendationNo33,True,qes75l,1635120284.0,1
Sicarius_Tacet,terryheavy,False,qes75l,1635115441.0,2
EmpanadaGalactica,Good_Development,False,qes75l,1635095660.0,-1
FX-32,VedicLight8,False,qes75l,1635088299.0,4
EmpanadaGalactica,VedicLight8,False,qes75l,1635095644.0,-11
EmpanadaGalactica,RecommendationNo33,False,qes75l,1635095603.0,-8
leojg,Hurso81,False,qes75l,1635101056.0,9
terryheavy,Sicarius_Tacet,False,qes75l,1635115607.0,2
MattKerplunk,EmpanadaGalactica,False,qes75l,1635098121.0,15
SVPPB,FX-32,False,qes75l,1635089866.0,19
dude_in_the_mansuit,FX-32,False,qes75l,1635092106.0,4
EmpanadaGalactica,FX-32,False,qes75l,1635095630.0,-12
MattKerplunk,EmpanadaGalactica,False,qes75l,1635097839.0,11
MattKerplunk,EmpanadaGalactica,False,qes75l,1635097917.0,17
AdmiralKeg,leojg,False,qes75l,1635102139.0,4
Hurso81,leojg,False,qes75l,1635102420.0,-7
juacom99,MattKerplunk,False,qes75l,1635103524.0,-12
MattKerplunk,SVPPB,False,qes75l,1635097811.0,11
leojg,Hurso81,False,qes75l,1635105321.0,6
SVPPB,juacom99,False,qes75l,1635105132.0,10
MattKerplunk,juacom99,False,qes75l,1635107416.0,10
dude_in_the_mansuit,MattKerplunk,False,qes75l,1635101102.0,6
Sicarius_Tacet,leojg,False,qes75l,1635115366.0,3
Nesamila,agusrofer,True,qeo2qa,1635084494.0,13
The-H007,agusrofer,True,qeo2qa,1635079064.0,3
stoner277,agusrofer,True,qeo2qa,1635116373.0,1
CalamarinoDanzante,Nesamila,False,qeo2qa,1635084753.0,4
empleadoEstatal,Nesamila,False,qeo2qa,1635097901.0,1
estoxzeroo,The-H007,False,qeo2qa,1635086403.0,2
Nesamila,CalamarinoDanzante,False,qeo2qa,1635085804.0,2
empleadoEstatal,Nesamila,False,qeo2qa,1635097933.0,1
CalamarinoDanzante,Nesamila,False,qeo2qa,1635086991.0,0
gbrunacci,Chiccko,True,qenkoj,1635093225.0,20
gmuslera,Chiccko,True,qenkoj,1635080251.0,48
juanwlcc,Chiccko,True,qenkoj,1635094158.0,10
Jakilove007,Chiccko,True,qenkoj,1635076664.0,10
Perkunas999,Chiccko,True,qenkoj,1635098647.0,7
tonterias,Chiccko,True,qenkoj,1635082291.0,2
lito1515,Chiccko,True,qenkoj,1635079179.0,-4
LibertarianBoy,Chiccko,True,qenkoj,1635095772.0,1
Toxe_98,Chiccko,True,qenkoj,1635089707.0,1
leojg,Chiccko,True,qenkoj,1635087916.0,-6
Narrow_Association43,Chiccko,True,qenkoj,1635117923.0,1
Syv_Fingre,Chiccko,True,qenkoj,1635090727.0,-2
LibertarianBoy,gbrunacci,False,qenkoj,1635095668.0,2
Agile-420,gbrunacci,False,qenkoj,1635118360.0,1
The-H007,Jakilove007,False,qenkoj,1635079228.0,11
MakZoz-25,tonterias,False,qenkoj,1635084020.0,10
joaomelofo,tonterias,False,qenkoj,1635083793.0,4
Fenris_uy,tonterias,False,qenkoj,1635087460.0,6
leandrogoe,lito1515,False,qenkoj,1635095701.0,9
yernidef,lito1515,False,qenkoj,1635093662.0,5
Y2kangz,LibertarianBoy,False,qenkoj,1635096189.0,6
invalidusernaem,Toxe_98,False,qenkoj,1635109538.0,3
Perkunas999,Syv_Fingre,False,qenkoj,1635095680.0,3
MakZoz-25,The-H007,False,qenkoj,1635083843.0,4
leojg,The-H007,False,qenkoj,1635088014.0,-14
lito1515,yernidef,False,qenkoj,1635095783.0,-5
LibertarianBoy,Y2kangz,False,qenkoj,1635097132.0,6
invalidusernaem,Y2kangz,False,qenkoj,1635109910.0,4
Morningstardom,Perkunas999,False,qenkoj,1635099283.0,4
Tulio_58,MakZoz-25,False,qenkoj,1635085188.0,7
Syv_Fingre,leojg,False,qenkoj,1635092024.0,9
Tulio_58,leojg,False,qenkoj,1635109674.0,1
MakZoz-25,Tulio_58,False,qenkoj,1635104599.0,0
leojg,Syv_Fingre,False,qenkoj,1635094691.0,-1
Specific-Benefit,Tulio_58,False,qenkoj,1635112866.0,2
leojg,Tulio_58,False,qenkoj,1635113531.0,0
alotropico,leojg,False,qenkoj,1635102029.0,-1
Tulio_58,Specific-Benefit,False,qenkoj,1635116100.0,1
Tulio_58,leojg,False,qenkoj,1635114844.0,1
MakZoz-25,alotropico,False,qenkoj,1635105168.0,1
leojg,alotropico,False,qenkoj,1635105343.0,0
leojg,Tulio_58,False,qenkoj,1635115710.0,0
Tulio_58,leojg,False,qenkoj,1635116744.0,1
leojg,Tulio_58,False,qenkoj,1635117284.0,1
wakavy,random_daily_subject,True,qemz0k,1635095902.0,4
ElLujoEsVulgaridad,random_daily_subject,True,qemz0k,1635110179.0,2
geniowe2002,random_daily_subject,True,qemz0k,1635087287.0,1
Syv_Fingre,random_daily_subject,True,qemz0k,1635110709.0,1
empleadoEstatal,wakavy,False,qemz0k,1635097955.0,1
kevor_01,ElLujoEsVulgaridad,False,qemz0k,1635119324.0,1
empleadoEstatal,geniowe2002,False,qemz0k,1635097959.0,1
noodlion97,geniowe2002,False,qemz0k,1635116568.0,1
geniowe2002,empleadoEstatal,False,qemz0k,1635102626.0,1
Akamaramas,JustForTheToast,True,qelwq2,1635087116.0,4
JustForTheToast,JustForTheToast,True,qelwq2,1635054141.0,2
ripichipi25,JustForTheToast,True,qelwq2,1635093311.0,2
kin199x,JustForTheToast,True,qelpgn,1635090933.0,3
JustForTheToast,JustForTheToast,True,qelpgn,1635053168.0,2
CalamarinoDanzante,JustForTheToast,True,qelpgn,1635084817.0,0
Dear_Ad_3860,FefiyoBread,True,qekczx,1635121143.0,1
ElGordoQuePrograma,FefiyoBread,True,qekczx,1635089427.0,-1
FefiyoBread,ElGordoQuePrograma,False,qekczx,1635093434.0,0
Dear_Ad_3860,FefiyoBread,True,qek43a,1635120768.0,1
Hernan_OF,que-ganas,True,qeixnc,1635044278.0,11
german39,que-ganas,True,qeixnc,1635067798.0,7
The-H007,que-ganas,True,qeixnc,1635046883.0,5
mancoputeador,que-ganas,True,qeixnc,1635051623.0,3
bruhboiZ,que-ganas,True,qeixnc,1635115449.0,1
tonterias,The-H007,False,qeixnc,1635080706.0,2
The-H007,tonterias,False,qeixnc,1635081706.0,2
markabrake,STPUTTS,True,qeinpw,1635042515.0,4
CalamarinoDanzante,STPUTTS,True,qeinpw,1635088067.0,1
Hernan_OF,FefiyoBread,True,qeikc0,1635044437.0,7
gmuslera,FefiyoBread,True,qeikc0,1635041791.0,14
Cheap-Relationship86,FefiyoBread,True,qeikc0,1635084151.0,5
m0l0t0v1234,FefiyoBread,True,qeikc0,1635086479.0,1
FefiyoBread,Hernan_OF,False,qeikc0,1635044725.0,3
Hernan_OF,FefiyoBread,False,qeikc0,1635044902.0,4
que-ganas,FefiyoBread,False,qeikc0,1635046795.0,5
FefiyoBread,que-ganas,False,qeikc0,1635046875.0,4
ecluxr,ElPeruanoBitcoiner,True,qeif8a,1635041177.0,32
Hernan_OF,ElPeruanoBitcoiner,True,qeif8a,1635044155.0,10
markabrake,ElPeruanoBitcoiner,True,qeif8a,1635040266.0,8
notzonan,ElPeruanoBitcoiner,True,qeif8a,1635040505.0,8
empleadoEstatal,ElPeruanoBitcoiner,True,qeif8a,1635040633.0,3
Gabbr_,ElPeruanoBitcoiner,True,qeif8a,1635050093.0,4
euquiq,ElPeruanoBitcoiner,True,qeif8a,1635102220.0,2
SVPPB,ElPeruanoBitcoiner,True,qeif8a,1635082633.0,2
foothills_guide,ElPeruanoBitcoiner,True,qeif8a,1635042467.0,1
gmuslera,ElPeruanoBitcoiner,True,qeif8a,1635042532.0,1
guille_ur,ElPeruanoBitcoiner,True,qeif8a,1635046413.0,1
Kristalino,ElPeruanoBitcoiner,True,qeif8a,1635049875.0,1
marsupialRat,ecluxr,False,qeif8a,1635048350.0,9
notzonan,empleadoEstatal,False,qeif8a,1635040710.0,4
goncri,foothills_guide,False,qeif8a,1635082477.0,1
empleadoEstatal,notzonan,False,qeif8a,1635040770.0,2
CalamarinoDanzante,goncri,False,qeif8a,1635085111.0,1
empleadoEstatal,Lasrouy,True,qeh8wg,1635038815.0,21
fifin,Lasrouy,True,qeh8wg,1635037483.0,17
Okgame10,Lasrouy,True,qeh8wg,1635038650.0,15
Ya_boy_Max,Lasrouy,True,qeh8wg,1635038559.0,30
ssdh395,Lasrouy,True,qeh8wg,1635038323.0,7
MakZoz-25,Lasrouy,True,qeh8wg,1635037725.0,36
Good_Development,Lasrouy,True,qeh8wg,1635036410.0,5
elmarmotachico,Lasrouy,True,qeh8wg,1635046878.0,5
geniowe2002,Lasrouy,True,qeh8wg,1635038782.0,19
estoesboke99,Lasrouy,True,qeh8wg,1635045019.0,3
Naiko32,Lasrouy,True,qeh8wg,1635048461.0,3
yernidef,Lasrouy,True,qeh8wg,1635041560.0,13
LucasZchaz,Lasrouy,True,qeh8wg,1635037234.0,2
KingDiamondURU666,Lasrouy,True,qeh8wg,1635050067.0,1
arturocan,Lasrouy,True,qeh8wg,1635047379.0,1
Mage_Ozz,Lasrouy,True,qeh8wg,1635052698.0,1
Megustalafalopa69,Lasrouy,True,qeh8wg,1635089777.0,1
Neri2410,Lasrouy,True,qeh8wg,1635056913.0,1
Guilty_Stand_7511,Lasrouy,True,qeh8wg,1635078973.0,1
Megatecno,Lasrouy,True,qeh8wg,1635079540.0,1
potencia2001,Lasrouy,True,qeh8wg,1635089780.0,1
CalamarinoDanzante,Lasrouy,True,qeh8wg,1635091681.0,1
AdrianRR18,Lasrouy,True,qeh8wg,1635081319.0,0
Coloradodeomar,MakZoz-25,False,qeh8wg,1635041209.0,20
goldgrey15,Good_Development,False,qeh8wg,1635039134.0,3
AdrianRR18,elmarmotachico,False,qeh8wg,1635081448.0,3
AdrianRR18,yernidef,False,qeh8wg,1635081490.0,-2
SaveVideo,LucasZchaz,False,qeh8wg,1635037241.0,1
metabolitu,Mage_Ozz,False,qeh8wg,1635096411.0,1
tonterias,goldgrey15,False,qeh8wg,1635082161.0,4
yernidef,AdrianRR18,False,qeh8wg,1635093750.0,4
Saavi000,tonterias,False,qeh8wg,1635084679.0,2
agsuy,tonterias,False,qeh8wg,1635116225.0,1
markabrake,Nesamila,True,qeh83i,1635037651.0,10
JPHierophant,Nesamila,True,qeh83i,1635037979.0,7
Nesamila,markabrake,False,qeh83i,1635038580.0,5
Estebanm95,markabrake,False,qeh83i,1635040848.0,4
markabrake,Estebanm95,False,qeh83i,1635042092.0,5
FefiyoBread,Estebanm95,False,qeh83i,1635045846.0,4
dantecapybara,matchettehdl,True,qegzhl,1635035181.0,10
yernidef,matchettehdl,True,qegzhl,1635036141.0,4
bot_canillita,matchettehdl,True,qegzhl,1635034748.0,1
Geosgaeno,matchettehdl,True,qegzhl,1635108529.0,1
ThatwasGibberish,dantecapybara,False,qegzhl,1635035531.0,12
matchettehdl,yernidef,False,qegzhl,1635036678.0,-7
dantecapybara,ThatwasGibberish,False,qegzhl,1635035556.0,7
Fenris_uy,matchettehdl,False,qegzhl,1635075008.0,6
agustin_lm2000,jak2wook,True,qef7s4,1635029113.0,12
The-H007,jak2wook,True,qef7s4,1635031825.0,11
averagelorplayer,jak2wook,True,qef7s4,1635029883.0,9
rusiita1990,jak2wook,True,qef7s4,1635031172.0,3
jak2wook,jak2wook,True,qef7s4,1635031766.0,3
morellexf22,jak2wook,True,qef7s4,1635034628.0,2
arpanonn,jak2wook,True,qef7s4,1635060247.0,2
jak2wook,jak2wook,True,qef7s4,1635028852.0,1
_denebola_,jak2wook,True,qef7s4,1635035625.0,1
ELCORSA,jak2wook,True,qef7s4,1635030905.0,0
KingDiamondURU666,jak2wook,True,qef7s4,1635032307.0,0
jak2wook,agustin_lm2000,False,qef7s4,1635030675.0,4
Zedr1k,agustin_lm2000,False,qef7s4,1635036687.0,1
Grincheck,jak2wook,False,qef7s4,1635036120.0,3
gmuslera,JustForTheToast,True,qedc9g,1635026784.0,7
tumonypimba,JustForTheToast,True,qedc9g,1635027919.0,7
empleadoEstatal,JustForTheToast,True,qedc9g,1635023618.0,5
Ok_Marsupial_9722,JustForTheToast,True,qedc9g,1635027515.0,3
Estebanm95,JustForTheToast,True,qedc9g,1635024247.0,2
oxyc,goncri,True,qedc3r,1635023912.0,33
DesdeMarte,goncri,True,qedc3r,1635043918.0,15
juanipl,goncri,True,qedc3r,1635025126.0,13
Enchilada_McMustang,goncri,True,qedc3r,1635048712.0,12
AspectWrong391,goncri,True,qedc3r,1635028038.0,26
FefiyoBread,goncri,True,qedc3r,1635023986.0,20
RouCitizen,goncri,True,qedc3r,1635022899.0,14
No_Amoeba6892,goncri,True,qedc3r,1635035411.0,11
M4nch1,goncri,True,qedc3r,1635081303.0,4
GFischerUY,goncri,True,qedc3r,1635029444.0,10
FedeFSA,goncri,True,qedc3r,1635030487.0,17
Kamika7e,goncri,True,qedc3r,1635032636.0,7
leojg,goncri,True,qedc3r,1635023622.0,33
AdmiralKeg,goncri,True,qedc3r,1635027555.0,16
That_Specialist8913,goncri,True,qedc3r,1635080736.0,2
agustinow,goncri,True,qedc3r,1635083952.0,2
Julie-1996,goncri,True,qedc3r,1635088220.0,2
nonameuy,goncri,True,qedc3r,1635088331.0,2
BorderFlock,goncri,True,qedc3r,1635026269.0,17
guille_ur,goncri,True,qedc3r,1635024248.0,9
NdepotiUgTijuinem,goncri,True,qedc3r,1635028949.0,4
calarval,goncri,True,qedc3r,1635081934.0,4
dantecapybara,goncri,True,qedc3r,1635022634.0,3
qwemateo13,goncri,True,qedc3r,1635023012.0,-19
Brunopolis,goncri,True,qedc3r,1635043756.0,-5
todobanners,goncri,True,qedc3r,1635111321.0,1
Overall-Reference-37,goncri,True,qedc3r,1635080553.0,-2
agsuy,oxyc,False,qedc3r,1635098560.0,2
goncri,oxyc,False,qedc3r,1635024059.0,0
gnza,juanipl,False,qedc3r,1635041109.0,3
LeoBelmont037,juanipl,False,qedc3r,1635028057.0,2
UruGUY98,AspectWrong391,False,qedc3r,1635029750.0,5
Curious_Parsley,AspectWrong391,False,qedc3r,1635043910.0,4
orasio,AspectWrong391,False,qedc3r,1635079890.0,3
LowWindow7816,AspectWrong391,False,qedc3r,1635028352.0,0
Nachostti,FefiyoBread,False,qedc3r,1635028320.0,16
goncri,FefiyoBread,False,qedc3r,1635024161.0,14
kurvo_kain,No_Amoeba6892,False,qedc3r,1635090581.0,0
UruGUY98,GFischerUY,False,qedc3r,1635041219.0,3
Automatic_Ad8878,Kamika7e,False,qedc3r,1635054863.0,2
Hernan_OF,leojg,False,qedc3r,1635026808.0,5
mattxmanson,leojg,False,qedc3r,1635043964.0,2
Harmonious_capybara,AdmiralKeg,False,qedc3r,1635080227.0,2
alotropico,BorderFlock,False,qedc3r,1635029087.0,14
goncri,guille_ur,False,qedc3r,1635024285.0,17
yernidef,guille_ur,False,qedc3r,1635027841.0,14
martintcm,dantecapybara,False,qedc3r,1635024520.0,25
dantecapybara,dantecapybara,False,qedc3r,1635022951.0,15
MattKerplunk,qwemateo13,False,qedc3r,1635024689.0,25
averagelorplayer,qwemateo13,False,qedc3r,1635026112.0,21
etesz,qwemateo13,False,qedc3r,1635025046.0,11
AntiJotape,qwemateo13,False,qedc3r,1635033039.0,10
dekkerpeterson,qwemateo13,False,qedc3r,1635023688.0,12
empleadoEstatal,qwemateo13,False,qedc3r,1635024007.0,6
SopaDoMacaco,Brunopolis,False,qedc3r,1635047402.0,5
DissociatedRacoon,Brunopolis,False,qedc3r,1635071255.0,5
Specific-Benefit,Brunopolis,False,qedc3r,1635080228.0,5
martintcm,Brunopolis,False,qedc3r,1635053427.0,1
Brunopolis,Brunopolis,False,qedc3r,1635112615.0,1
oxyc,goncri,False,qedc3r,1635024499.0,15
juanipl,gnza,False,qedc3r,1635047157.0,1
juanipl,LeoBelmont037,False,qedc3r,1635029425.0,5
AspectWrong391,UruGUY98,False,qedc3r,1635029879.0,11
AspectWrong391,Curious_Parsley,False,qedc3r,1635043991.0,5
AspectWrong391,orasio,False,qedc3r,1635080472.0,2
AspectWrong391,LowWindow7816,False,qedc3r,1635029815.0,14
FefiyoBread,Nachostti,False,qedc3r,1635028627.0,22
GonCab,goncri,False,qedc3r,1635024745.0,23
FefiyoBread,goncri,False,qedc3r,1635024443.0,6
Madnezz808,goncri,False,qedc3r,1635042001.0,2
Kamika7e,Automatic_Ad8878,False,qedc3r,1635055165.0,2
llupacchino,Automatic_Ad8878,False,qedc3r,1635108736.0,1
AntiJotape,alotropico,False,qedc3r,1635032991.0,8
Enchilada_McMustang,alotropico,False,qedc3r,1635048350.0,2
uymalintencionado,alotropico,False,qedc3r,1635030261.0,3
BorderFlock,alotropico,False,qedc3r,1635034865.0,2
guille_ur,goncri,False,qedc3r,1635081129.0,3
Plane-Information700,goncri,False,qedc3r,1635038518.0,2
nacho013,martintcm,False,qedc3r,1635029681.0,18
guille_ur,martintcm,False,qedc3r,1635034206.0,3
fleetvangreta,martintcm,False,qedc3r,1635033386.0,1
javigonay,SopaDoMacaco,False,qedc3r,1635087596.0,1
llupacchino,martintcm,False,qedc3r,1635109143.0,1
goncri,oxyc,False,qedc3r,1635025946.0,4
goncri,oxyc,False,qedc3r,1635025174.0,2
uyclaudia,oxyc,False,qedc3r,1635042961.0,2
SantiEstres,juanipl,False,qedc3r,1635104102.0,2
LeoBelmont037,juanipl,False,qedc3r,1635034185.0,1
Curious_Parsley,AspectWrong391,False,qedc3r,1635044328.0,9
elmarmotachico,AspectWrong391,False,qedc3r,1635089347.0,3
Nachostti,FefiyoBread,False,qedc3r,1635028923.0,4
UruGUY98,Kamika7e,False,qedc3r,1635110151.0,1
javigonay,guille_ur,False,qedc3r,1635087379.0,6
goncri,guille_ur,False,qedc3r,1635114823.0,1
mrs1986,guille_ur,False,qedc3r,1635121548.0,1
mrs1986,Plane-Information700,False,qedc3r,1635081027.0,5
martintcm,nacho013,False,qedc3r,1635053496.0,1
martintcm,guille_ur,False,qedc3r,1635053370.0,10
martintcm,fleetvangreta,False,qedc3r,1635053318.0,1
oxyc,goncri,False,qedc3r,1635026820.0,8
0xFACFAC,uyclaudia,False,qedc3r,1635051536.0,4
juanipl,SantiEstres,False,qedc3r,1635104486.0,2
SantiEstres,SantiEstres,False,qedc3r,1635104129.0,1
juanipl,LeoBelmont037,False,qedc3r,1635034340.0,3
AspectWrong391,Curious_Parsley,False,qedc3r,1635044507.0,9
AspectWrong391,elmarmotachico,False,qedc3r,1635097165.0,2
UnHelmet,Nachostti,False,qedc3r,1635032643.0,10
Kamika7e,UruGUY98,False,qedc3r,1635113243.0,2
guille_ur,javigonay,False,qedc3r,1635088177.0,2
goncri,javigonay,False,qedc3r,1635114880.0,2
guille_ur,goncri,False,qedc3r,1635116404.0,1
guille_ur,mrs1986,False,qedc3r,1635122324.0,1
goncri,mrs1986,False,qedc3r,1635115026.0,1
guille_ur,martintcm,False,qedc3r,1635080138.0,2
Sea-Responsibility87,oxyc,False,qedc3r,1635090448.0,4
LeoBelmont037,juanipl,False,qedc3r,1635034625.0,1
Curious_Parsley,AspectWrong391,False,qedc3r,1635045449.0,4
pelouy,AspectWrong391,False,qedc3r,1635086835.0,2
Renmang,AspectWrong391,False,qedc3r,1635110808.0,1
Nachostti,UnHelmet,False,qedc3r,1635033517.0,5
UruGUY98,Kamika7e,False,qedc3r,1635113945.0,1
goncri,guille_ur,False,qedc3r,1635116475.0,1
mrs1986,guille_ur,False,qedc3r,1635123430.0,1
javigonay,guille_ur,False,qedc3r,1635087527.0,1
oxyc,Sea-Responsibility87,False,qedc3r,1635093901.0,1
gnza,LeoBelmont037,False,qedc3r,1635041173.0,4
AspectWrong391,pelouy,False,qedc3r,1635087907.0,1
AspectWrong391,Renmang,False,qedc3r,1635111422.0,1
Leandropo7,Nachostti,False,qedc3r,1635046942.0,4
guille_ur,goncri,False,qedc3r,1635117167.0,1
BestCoach9822,javigonay,False,qedc3r,1635116357.0,1
UruGUY98,oxyc,False,qedc3r,1635103510.0,2
mrs1986,guille_ur,False,qedc3r,1635121810.0,1
RouCitizen,RouCitizen,True,qedb77,1635023235.0,3
UruGUY98,RouCitizen,True,qedb77,1635041563.0,1
bot_canillita,RouCitizen,True,qedb77,1635022508.0,1
gmuslera,LucioFer95,True,qecfvn,1635026842.0,3
IsThisTheMemeKrab,LucioFer95,True,qecfvn,1635030034.0,2
uruguayan_boi,LucioFer95,True,qecfvn,1635094202.0,1
Lasrouy,gmuslera,False,qecfvn,1635035323.0,2
LucioFer95,uruguayan_boi,False,qecfvn,1635094733.0,1
ResearcherHawk446,ThatwasGibberish,True,qec60s,1635081232.0,5
Kristalino,ThatwasGibberish,True,qec60s,1635019399.0,1
FefiyoBread,ThatwasGibberish,True,qec60s,1635026482.0,1
CalamarinoDanzante,ResearcherHawk446,False,qec60s,1635091764.0,3
ThatwasGibberish,CalamarinoDanzante,False,qec60s,1635092095.0,4
ResearcherHawk446,CalamarinoDanzante,False,qec60s,1635094979.0,2
RobleViejo,Kristalino,False,qec60s,1635021806.0,3
CalamarinoDanzante,ThatwasGibberish,False,qec60s,1635092251.0,2
ResearcherHawk446,ThatwasGibberish,False,qec60s,1635095155.0,1
CalamarinoDanzante,ResearcherHawk446,False,qec60s,1635095049.0,1
Kristalino,RobleViejo,False,qec60s,1635022112.0,3
ResearcherHawk446,CalamarinoDanzante,False,qec60s,1635097055.0,1
Rain1984,maestruy,True,qea7b9,1635013128.0,34
darthypro,maestruy,True,qea7b9,1635015960.0,24
alotropico,maestruy,True,qea7b9,1635029660.0,16
Toxe_98,maestruy,True,qea7b9,1635014986.0,9
Sufficient-Big-8010,maestruy,True,qea7b9,1635014737.0,8
Nanolaska,maestruy,True,qea7b9,1635032061.0,6
francodsv,maestruy,True,qea7b9,1635019588.0,5
empleadoEstatal,maestruy,True,qea7b9,1635020001.0,16
MulatoMaranhense,maestruy,True,qea7b9,1635029619.0,5
Diabeanie33,maestruy,True,qea7b9,1635050666.0,4
segui_raspando,maestruy,True,qea7b9,1635071013.0,5
Nesamila,maestruy,True,qea7b9,1635014448.0,3
thebradpitt,maestruy,True,qea7b9,1635019555.0,2
schism_08,maestruy,True,qea7b9,1635023232.0,2
bruhboiZ,maestruy,True,qea7b9,1635082649.0,2
GeometryNacho,maestruy,True,qea7b9,1635043263.0,1
Mage_Ozz,Rain1984,False,qea7b9,1635015262.0,9
bruhboiZ,darthypro,False,qea7b9,1635082717.0,6
fullup72,Toxe_98,False,qea7b9,1635105219.0,1
bot_canillita,RouCitizen,True,qe9tr8,1635011698.0,1
bot_canillita,bot_canillita,False,qe9tr8,1635011719.0,1
Echesito11M,RouCitizen,True,qe9l4p,1635018644.0,11
bot_canillita,RouCitizen,True,qe9l4p,1635010927.0,3
markabrake,RouCitizen,True,qe9l4p,1635012692.0,3
Estebanm95,RouCitizen,True,qe9l4p,1635024553.0,3
PlayfulCurrency4,Echesito11M,False,qe9l4p,1635085543.0,3
eli_pumpkin,tmagcubzrj,True,qe9gik,1635011936.0,11
invalidusernaem,tmagcubzrj,True,qe9gik,1635012083.0,6
markabrake,tmagcubzrj,True,qe9gik,1635010981.0,6
m0l0t0v1234,tmagcubzrj,True,qe9gik,1635010989.0,5
frank_egd,tmagcubzrj,True,qe9gik,1635017716.0,4
RicardoURU,tmagcubzrj,True,qe9gik,1635012865.0,3
NSS-771,tmagcubzrj,True,qe9gik,1635023914.0,3
KZ234,tmagcubzrj,True,qe9gik,1635011129.0,5
gmuslera,tmagcubzrj,True,qe9gik,1635012711.0,2
leojg,tmagcubzrj,True,qe9gik,1635022546.0,-1
Pica-piedra,tmagcubzrj,True,qe9gik,1635021863.0,1
AspectWrong391,tmagcubzrj,True,qe9gik,1635029653.0,1
rusiita1990,tmagcubzrj,True,qe9gik,1635031417.0,1
Jero_TG,tmagcubzrj,True,qe9gik,1635041620.0,1
Gabbr_,tmagcubzrj,True,qe9gik,1635050547.0,1
Julie-1996,tmagcubzrj,True,qe9gik,1635088508.0,1
AdConsistent8993,tmagcubzrj,True,qe9gik,1635116342.0,1
oli_uy,tmagcubzrj,True,qe9gik,1635011382.0,0
MattKerplunk,eli_pumpkin,False,qe9gik,1635012435.0,9
MattKerplunk,KZ234,False,qe9gik,1635012378.0,-3
empleadoEstatal,KZ234,False,qe9gik,1635029062.0,1
eli_pumpkin,MattKerplunk,False,qe9gik,1635013472.0,8
KZ234,MattKerplunk,False,qe9gik,1635029963.0,4
Jero_TG,KZ234,False,qe9gik,1635041411.0,1
empleadoEstatal,MrKrKn,True,qe91e0,1635029144.0,5
totallyNotMyFault-,empleadoEstatal,False,qe91e0,1635033622.0,2
FefiyoBread,Juanru122,True,qe8zem,1635009522.0,3
Outrageous_Regret318,Juanru122,True,qe8zem,1635024206.0,3
CesarAndress,Juanru122,True,qe8zem,1635054974.0,1
Morningstardom,Outrageous_Regret318,False,qe8zem,1635035372.0,3
canofpesto,Morningstardom,False,qe8zem,1635088974.0,1
Dear_Ad_3860,markabrake,True,qe8i49,1635122196.0,1
Enamine,FacuDk,True,qe7gtt,1635007217.0,5
Bruu_,FacuDk,True,qe7gtt,1635018975.0,3
geniowe2002,FacuDk,True,qe7gtt,1635004784.0,2
gustavo-mnz,FacuDk,True,qe7gtt,1635033347.0,2
FacuDk,Enamine,False,qe7gtt,1635008004.0,1
FacuDk,geniowe2002,False,qe7gtt,1635005180.0,1
geniowe2002,FacuDk,False,qe7gtt,1635006329.0,1
Fixitformethankyou,Good_Development,True,qe76av,1635004175.0,10
151mp137471n,Good_Development,True,qe76av,1635013356.0,2
ResearcherHawk446,Fixitformethankyou,False,qe76av,1635007839.0,5
Good_Development,151mp137471n,False,qe76av,1635035979.0,3
Fixitformethankyou,ResearcherHawk446,False,qe76av,1635010674.0,-2
151mp137471n,Good_Development,False,qe76av,1635036142.0,2
guiblauser,Ok-Ad-1138,True,qe5x4x,1635010700.0,13
paule3,Ok-Ad-1138,True,qe5x4x,1635005234.0,9
Neri2410,Ok-Ad-1138,True,qe5x4x,1635036387.0,9
ivan6uy,Ok-Ad-1138,True,qe5x4x,1635030437.0,9
Pajarico,Ok-Ad-1138,True,qe5x4x,1635033834.0,6
UruGUY98,Ok-Ad-1138,True,qe5x4x,1635049018.0,4
AntiJotape,Ok-Ad-1138,True,qe5x4x,1635003431.0,8
Tazik004,Ok-Ad-1138,True,qe5x4x,1635008213.0,3
fedewazzup,Ok-Ad-1138,True,qe5x4x,1635000969.0,5
FX-32,Ok-Ad-1138,True,qe5x4x,1635020141.0,2
orasio,Ok-Ad-1138,True,qe5x4x,1635084777.0,1
Dear_Ad_3860,Ok-Ad-1138,True,qe5x4x,1635122509.0,1
Ok-Ad-1138,Neri2410,False,qe5x4x,1635073944.0,-1
Ok-Ad-1138,Pajarico,False,qe5x4x,1635073974.0,0
Ok-Ad-1138,UruGUY98,False,qe5x4x,1635073997.0,-2
Good_Development,AntiJotape,False,qe5x4x,1635005049.0,10
AspectWrong391,FX-32,False,qe5x4x,1635030429.0,1
juacom99,vinacho,True,qe5gzz,1635011776.0,8
diegoxuru,vinacho,True,qe5gzz,1635045092.0,3
tonterias,vinacho,True,qe5gzz,1635040998.0,4
bot_canillita,vinacho,True,qe5gzz,1634997899.0,2
151mp137471n,juacom99,False,qe5gzz,1635015449.0,5
Toxe_98,MrKrKn,True,qe5d68,1634998043.0,3
life_is_good_baby,MrKrKn,True,qe5d68,1635013239.0,1
Existing-Roll681,MrKrKn,True,qe5d68,1635077083.0,0
MrKrKn,Existing-Roll681,False,qe5d68,1635078542.0,-1
Existing-Roll681,MrKrKn,False,qe5d68,1635085410.0,0
MrKrKn,Existing-Roll681,False,qe5d68,1635085635.0,1
Existing-Roll681,MrKrKn,False,qe5d68,1635086394.0,1
MrKrKn,Existing-Roll681,False,qe5d68,1635086476.0,0
AltruisticVehicle,MrKrKn,True,qe4xm6,1635002232.0,46
elvelazco,MrKrKn,True,qe4xm6,1635080282.0,3
Sir_Chivo,MrKrKn,True,qe4xm6,1634997815.0,4
Joaco1478XD,MrKrKn,True,qe4xm6,1634999609.0,3
TotallyLostWanderer,MrKrKn,True,qe4xm6,1635003085.0,-3
Existing-Roll681,MrKrKn,True,qe4xm6,1635021419.0,1
uruhero,MrKrKn,True,qe4xm6,1635027756.0,0
Gafhito,Megumi_chef,True,qe38vf,1635005661.0,7
empleadoEstatal,Megumi_chef,True,qe38vf,1634998909.0,3
dude_in_the_mansuit,Megumi_chef,True,qe38vf,1635012350.0,4
CalamarinoDanzante,Megumi_chef,True,qe38vf,1635006063.0,3
ivan6uy,Megumi_chef,True,qe38vf,1635030793.0,3
william_mvd,Megumi_chef,True,qe38vf,1635020094.0,2
GFischerUY,Megumi_chef,True,qe38vf,1635020533.0,2
Megumi_chef,empleadoEstatal,False,qe38vf,1635019033.0,3
CalamarinoDanzante,dude_in_the_mansuit,False,qe38vf,1635019344.0,1
Megumi_chef,CalamarinoDanzante,False,qe38vf,1635019072.0,3
empleadoEstatal,Megumi_chef,False,qe38vf,1635019282.0,2
dude_in_the_mansuit,CalamarinoDanzante,False,qe38vf,1635022981.0,2
gustavo-mnz,urymasa1970,True,qe1v0x,1634997798.0,6
SVPPB,urymasa1970,True,qe1v0x,1634989456.0,7
bot_canillita,urymasa1970,True,qe1v0x,1634982597.0,2
Arewald,somobep202021,True,qdzi09,1634976536.0,7
crixos95,somobep202021,True,qdzi09,1634972944.0,11
LucaLBDP,somobep202021,True,qdzi09,1634970975.0,4
LeanNara,somobep202021,True,qdzi09,1635001107.0,3
rusiita1990,somobep202021,True,qdzi09,1635004119.0,1
vodkabza,somobep202021,True,qdzi09,1635030302.0,1
Spirited-Tonight6043,Arewald,False,qdzi09,1634977768.0,3
Gobeltik,crixos95,False,qdzi09,1635084155.0,1
Gobeltik,LeanNara,False,qdzi09,1635084196.0,1
Arewald,Spirited-Tonight6043,False,qdzi09,1634981477.0,3
Spirited-Tonight6043,Arewald,False,qdzi09,1634981898.0,4
Truncatauy,Delongee,True,qdxl7r,1634962801.0,2
mocheta,Delongee,True,qdxl7r,1634965394.0,2
FullIndignation,Delongee,True,qdxl7r,1634970347.0,2
ecluxr,Delongee,True,qdxl7r,1635005568.0,1
xSpekkio,Delongee,True,qdxl7r,1635001216.0,0
LordGrecoUy,anonymousfrogstar,True,qdwhu2,1634960099.0,28
ElJonJon86,anonymousfrogstar,True,qdwhu2,1634960962.0,18
Truncatauy,anonymousfrogstar,True,qdwhu2,1634960609.0,13
ELMALDITOTONY,anonymousfrogstar,True,qdwhu2,1634999228.0,9
Naiko32,anonymousfrogstar,True,qdwhu2,1634970273.0,5
RomanoFefo,anonymousfrogstar,True,qdwhu2,1634996844.0,5
Pica-piedra,anonymousfrogstar,True,qdwhu2,1634960596.0,4
apopeGUS1907,anonymousfrogstar,True,qdwhu2,1635004900.0,4
HorugeRuisoUy,anonymousfrogstar,True,qdwhu2,1635010522.0,4
IsmaBr,anonymousfrogstar,True,qdwhu2,1634987676.0,3
Aware_Lettuce684,anonymousfrogstar,True,qdwhu2,1634995566.0,3
fach-0-vision,anonymousfrogstar,True,qdwhu2,1635004514.0,3
tecfa96,anonymousfrogstar,True,qdwhu2,1635007404.0,3
geniowe2002,anonymousfrogstar,True,qdwhu2,1635000487.0,2
juanipl,anonymousfrogstar,True,qdwhu2,1634967193.0,3
butylkamoloka,anonymousfrogstar,True,qdwhu2,1634981251.0,3
tabareb,anonymousfrogstar,True,qdwhu2,1634961712.0,1
fedewazzup,anonymousfrogstar,True,qdwhu2,1634960578.0,-10
Outrageous_Regret318,anonymousfrogstar,True,qdwhu2,1635026473.0,1
leandrogoe,anonymousfrogstar,True,qdwhu2,1635112542.0,1
anonymousfrogstar,ElJonJon86,False,qdwhu2,1634964764.0,4
anonymousfrogstar,IsmaBr,False,qdwhu2,1635088852.0,1
Truncatauy,butylkamoloka,False,qdwhu2,1634993549.0,8
anonymousfrogstar,butylkamoloka,False,qdwhu2,1635089394.0,2
anonymousfrogstar,tabareb,False,qdwhu2,1634963595.0,-7
fedewazzup,fedewazzup,False,qdwhu2,1634961137.0,8
Outrageous_Regret318,Outrageous_Regret318,False,qdwhu2,1635026920.0,2
ElJonJon86,anonymousfrogstar,False,qdwhu2,1634974219.0,7
Truncatauy,anonymousfrogstar,False,qdwhu2,1634993729.0,3
IsmaBr,anonymousfrogstar,False,qdwhu2,1635093328.0,1
Aware_Lettuce684,Truncatauy,False,qdwhu2,1635013665.0,2
Truncatauy,fedewazzup,False,qdwhu2,1634961821.0,20
anonymousfrogstar,IsmaBr,False,qdwhu2,1635095681.0,1
fedewazzup,Truncatauy,False,qdwhu2,1634990210.0,1
IsmaBr,anonymousfrogstar,False,qdwhu2,1635099421.0,1
geniowe2002,fedewazzup,False,qdwhu2,1635000544.0,2
markabrake,funny-_man,True,qdv0f9,1634952872.0,7
Nervous-Eye-9652,funny-_man,True,qdv0f9,1634955644.0,6
ElGordoQuePrograma,funny-_man,True,qdv0f9,1634952843.0,3
empleadoEstatal,funny-_man,True,qdv0f9,1634953345.0,2
Mage_Ozz,funny-_man,True,qdv0f9,1634985902.0,2
girlwearsred,funny-_man,True,qdv0f9,1634998393.0,2
Pochikpo,funny-_man,True,qdv0f9,1634981826.0,2
Van_Puyvelde,funny-_man,True,qdv0f9,1634999367.0,1
tecfa96,funny-_man,True,qdv0f9,1635007544.0,1
funny-_man,markabrake,False,qdv0f9,1634953551.0,3
KingDiamondURU666,markabrake,False,qdv0f9,1634954953.0,1
zaiotrash,Pochikpo,False,qdv0f9,1634995861.0,1
ElMasApan,tecfa96,False,qdv0f9,1635011156.0,1
Nervous-Eye-9652,tecfa96,False,qdv0f9,1635013679.0,1
goldenfriedcake,funny-_man,False,qdv0f9,1634959986.0,4
markabrake,KingDiamondURU666,False,qdv0f9,1634955157.0,1
tecfa96,ElMasApan,False,qdv0f9,1635011528.0,1
tecfa96,Nervous-Eye-9652,False,qdv0f9,1635015502.0,1
Coloradodeomar,zeroVampp,True,qdudh1,1634953307.0,71
KingDiamondURU666,zeroVampp,True,qdudh1,1634952061.0,153
ElJonJon86,zeroVampp,True,qdudh1,1634962359.0,32
m0l0t0v1234,zeroVampp,True,qdudh1,1634951085.0,28
_denebola_,zeroVampp,True,qdudh1,1634957257.0,13
estoesboke99,zeroVampp,True,qdudh1,1634957707.0,10
ELMALDITOTONY,zeroVampp,True,qdudh1,1634999042.0,8
empleadoEstatal,zeroVampp,True,qdudh1,1634960830.0,21
151mp137471n,zeroVampp,True,qdudh1,1634955042.0,6
marconovino,zeroVampp,True,qdudh1,1634992043.0,5
NachoToNaiz,zeroVampp,True,qdudh1,1634951425.0,8
zeroVampp,zeroVampp,True,qdudh1,1634950344.0,8
leandrogoe,zeroVampp,True,qdudh1,1634954641.0,3
ElTioRata,zeroVampp,True,qdudh1,1634973186.0,3
Julie-1996,zeroVampp,True,qdudh1,1635011639.0,3
mystic-vibes,zeroVampp,True,qdudh1,1635019902.0,3
pasamontanias,zeroVampp,True,qdudh1,1635021946.0,3
yorugua91,zeroVampp,True,qdudh1,1635022303.0,3
RomanoFefo,zeroVampp,True,qdudh1,1634958413.0,9
UruGUY98,zeroVampp,True,qdudh1,1634955976.0,2
Toxe_98,zeroVampp,True,qdudh1,1634976219.0,2
martyr_92,zeroVampp,True,qdudh1,1634993854.0,2
martyr_92,zeroVampp,True,qdudh1,1634993947.0,2
mmortara,zeroVampp,True,qdudh1,1635006814.0,2
FallinginHorizon,zeroVampp,True,qdudh1,1634950598.0,4
Favio24,zeroVampp,True,qdudh1,1635009317.0,1
cazzodistronzo,zeroVampp,True,qdudh1,1635002854.0,0
LeanNara,zeroVampp,True,qdudh1,1635001732.0,1
MattKerplunk,zeroVampp,True,qdudh1,1635004272.0,1
BolitaCute,zeroVampp,True,qdudh1,1635015899.0,1
oskimac,zeroVampp,True,qdudh1,1635025211.0,1
ElLujoEsVulgaridad,KingDiamondURU666,False,qdudh1,1634952784.0,33
AdmiralKeg,KingDiamondURU666,False,qdudh1,1634996488.0,6
marconovino,KingDiamondURU666,False,qdudh1,1634992001.0,4
zeroVampp,ElJonJon86,False,qdudh1,1634962873.0,7
zeroVampp,m0l0t0v1234,False,qdudh1,1634954129.0,39
Sansa279,m0l0t0v1234,False,qdudh1,1635029677.0,1
zeroVampp,estoesboke99,False,qdudh1,1634958073.0,12
Jalothinner420,ELMALDITOTONY,False,qdudh1,1635008973.0,2
zeroVampp,empleadoEstatal,False,qdudh1,1634962815.0,14
zeroVampp,NachoToNaiz,False,qdudh1,1634954090.0,9
zeroVampp,leandrogoe,False,qdudh1,1634955190.0,9
zeroVampp,Julie-1996,False,qdudh1,1635012773.0,3
zeroVampp,mystic-vibes,False,qdudh1,1635020760.0,2
zeroVampp,pasamontanias,False,qdudh1,1635022231.0,3
zeroVampp,yorugua91,False,qdudh1,1635023848.0,4
empleadoEstatal,RomanoFefo,False,qdudh1,1634960849.0,6
BonesAO,RomanoFefo,False,qdudh1,1634980442.0,2
zeroVampp,UruGUY98,False,qdudh1,1634957291.0,6
mmpatass,Toxe_98,False,qdudh1,1634988474.0,2
zeroVampp,martyr_92,False,qdudh1,1634998003.0,3
zeroVampp,mmortara,False,qdudh1,1635007057.0,2
Juan_3222,FallinginHorizon,False,qdudh1,1634951175.0,7
zeroVampp,FallinginHorizon,False,qdudh1,1634954165.0,7
geniowe2002,FallinginHorizon,False,qdudh1,1634956617.0,2
zeroVampp,Favio24,False,qdudh1,1635012815.0,1
zeroVampp,cazzodistronzo,False,qdudh1,1635002996.0,3
zeroVampp,MattKerplunk,False,qdudh1,1635004780.0,2
fullup72,zeroVampp,False,qdudh1,1634961949.0,16
oskimac,zeroVampp,False,qdudh1,1635025125.0,1
leandrogoe,zeroVampp,False,qdudh1,1634956218.0,9
fullup72,zeroVampp,False,qdudh1,1634962232.0,5
yorugua91,zeroVampp,False,qdudh1,1635025841.0,2
Kaetanox,BonesAO,False,qdudh1,1634990955.0,4
Toxe_98,mmpatass,False,qdudh1,1634989432.0,1
martyr_92,zeroVampp,False,qdudh1,1635000136.0,1
Favio24,zeroVampp,False,qdudh1,1635014914.0,2
MattKerplunk,zeroVampp,False,qdudh1,1635008813.0,2
flying_horker,fullup72,False,qdudh1,1634964671.0,13
zeroVampp,yorugua91,False,qdudh1,1635025993.0,2
BonesAO,Kaetanox,False,qdudh1,1634991037.0,1
AdmiralKeg,flying_horker,False,qdudh1,1634996511.0,4
oliveruy23,wakavy,True,qdt22z,1634948038.0,6
LarriqueRulemanes,wakavy,True,qdt22z,1634947678.0,3
geniowe2002,wakavy,True,qdt22z,1634948055.0,3
relanito,wakavy,True,qdt22z,1634952541.0,2
LeanNara,wakavy,True,qdt22z,1635001789.0,2
KingDiamondURU666,wakavy,True,qdt22z,1634952101.0,2
gmuslera,wakavy,True,qdt22z,1634952729.0,1
william_mvd,wakavy,True,qdt22z,1634961709.0,0
Kaetanox,william_mvd,False,qdt22z,1634992489.0,2
empleadoEstatal,Kaetanox,False,qdt22z,1634999092.0,1
william_mvd,empleadoEstatal,False,qdt22z,1635000198.0,1
empleadoEstatal,william_mvd,False,qdt22z,1635001001.0,1
william_mvd,empleadoEstatal,False,qdt22z,1635001097.0,1
empleadoEstatal,william_mvd,False,qdt22z,1635001188.0,1
william_mvd,empleadoEstatal,False,qdt22z,1635003615.0,2
empleadoEstatal,william_mvd,False,qdt22z,1635023451.0,2
ElLujoEsVulgaridad,unbothered_boeh,True,qdrh0m,1634945450.0,30
insomniac332,unbothered_boeh,True,qdrh0m,1634943283.0,23
ClarissaBarbados,unbothered_boeh,True,qdrh0m,1634942512.0,22
averagelorplayer,unbothered_boeh,True,qdrh0m,1634944352.0,19
invalidusernaem,unbothered_boeh,True,qdrh0m,1634951502.0,9
Estebanm95,unbothered_boeh,True,qdrh0m,1634946883.0,8
AdConsistent8993,unbothered_boeh,True,qdrh0m,1634941042.0,7
Coloradodeomar,unbothered_boeh,True,qdrh0m,1634943281.0,9
terryheavy,unbothered_boeh,True,qdrh0m,1634983710.0,9
eli_pumpkin,unbothered_boeh,True,qdrh0m,1634944557.0,6
geniowe2002,unbothered_boeh,True,qdrh0m,1634943350.0,6
Neri2410,unbothered_boeh,True,qdrh0m,1634947701.0,6
kateinna,unbothered_boeh,True,qdrh0m,1634955466.0,5
juanipl,unbothered_boeh,True,qdrh0m,1634948403.0,3
m0l0t0v1234,unbothered_boeh,True,qdrh0m,1634950587.0,3
empleadoEstatal,unbothered_boeh,True,qdrh0m,1634945010.0,2
alo141,unbothered_boeh,True,qdrh0m,1634963357.0,2
fullup72,unbothered_boeh,True,qdrh0m,1634964052.0,2
AdmiralKeg,unbothered_boeh,True,qdrh0m,1634993712.0,2
fach-0-vision,unbothered_boeh,True,qdrh0m,1634957851.0,3
AspectWrong391,unbothered_boeh,True,qdrh0m,1634949736.0,-1
ronkonkokokita,unbothered_boeh,True,qdrh0m,1634966767.0,1
mmpatass,unbothered_boeh,True,qdrh0m,1635004444.0,1
ELMALDITOTONY,ElLujoEsVulgaridad,False,qdrh0m,1634948466.0,19
tonterias,ElLujoEsVulgaridad,False,qdrh0m,1635041586.0,1
maicolc05,insomniac332,False,qdrh0m,1634944912.0,17
maicolc05,ClarissaBarbados,False,qdrh0m,1634944874.0,15
m0l0t0v1234,ClarissaBarbados,False,qdrh0m,1634950831.0,4
unbothered_boeh,averagelorplayer,False,qdrh0m,1634944451.0,4
M4ldarc,averagelorplayer,False,qdrh0m,1634949467.0,3
fach-0-vision,invalidusernaem,False,qdrh0m,1634959278.0,6
CalamarinoDanzante,Estebanm95,False,qdrh0m,1635007906.0,1
empleadoEstatal,AdConsistent8993,False,qdrh0m,1634945171.0,4
unbothered_boeh,Neri2410,False,qdrh0m,1634947814.0,3
unbothered_boeh,kateinna,False,qdrh0m,1634955808.0,5
fach-0-vision,AspectWrong391,False,qdrh0m,1634959079.0,3
Sr_Martinoso,AspectWrong391,False,qdrh0m,1634958286.0,0
ElLujoEsVulgaridad,ELMALDITOTONY,False,qdrh0m,1634954125.0,27
pelouy,ELMALDITOTONY,False,qdrh0m,1634953112.0,22
ElLujoEsVulgaridad,tonterias,False,qdrh0m,1635050710.0,1
fach-0-vision,m0l0t0v1234,False,qdrh0m,1634958855.0,2
Estebanm95,CalamarinoDanzante,False,qdrh0m,1635009379.0,5
ELMALDITOTONY,ElLujoEsVulgaridad,False,qdrh0m,1634998888.0,13
CalamarinoDanzante,Estebanm95,False,qdrh0m,1635009968.0,2
bot_canillita,urymasa1970,True,qdr6xj,1634939576.0,1
ELMALDITOTONY,urymasa1970,True,qdr6xj,1635003456.0,1
goncri,urymasa1970,True,qdr6xj,1635021907.0,1
Made_In_Korea,goncri,False,qdr6xj,1635029191.0,1
Estebanm95,stayreasoning,True,qdpsin,1634939736.0,16
No-Direction3939,stayreasoning,True,qdpsin,1634938090.0,14
CarpincherU,stayreasoning,True,qdpsin,1634938035.0,10
capuy,stayreasoning,True,qdpsin,1634939787.0,5
PlayfulCurrency4,stayreasoning,True,qdpsin,1634951192.0,6
Ya_boy_Max,stayreasoning,True,qdpsin,1634948856.0,11
AntiJotape,stayreasoning,True,qdpsin,1634941630.0,4
ChicoNarnia,stayreasoning,True,qdpsin,1634950937.0,4
elvelazco,stayreasoning,True,qdpsin,1634994905.0,4
Crashgold20,stayreasoning,True,qdpsin,1634993582.0,3
Lucho358,stayreasoning,True,qdpsin,1634939449.0,2
Pepfrog97,stayreasoning,True,qdpsin,1634949439.0,2
elvelazco,stayreasoning,True,qdpsin,1634994982.0,2
Chancholitro,stayreasoning,True,qdpsin,1635014880.0,2
melero99,stayreasoning,True,qdpsin,1635021123.0,2
Freeman43212925,stayreasoning,True,qdpsin,1635025857.0,2
No-Direction3939,CarpincherU,False,qdpsin,1634938179.0,18
stayreasoning,Ya_boy_Max,False,qdpsin,1634949115.0,2
stayreasoning,AntiJotape,False,qdpsin,1634948348.0,1
stayreasoning,Pepfrog97,False,qdpsin,1634961570.0,2
stayreasoning,Chancholitro,False,qdpsin,1635039395.0,2
estoxzeroo,No-Direction3939,False,qdpsin,1634942342.0,3
moy--,etesz,True,qdom9d,1634943363.0,2
lito1515,etesz,True,qdom9d,1634948086.0,1
geniowe2002,etesz,True,qdom9d,1634934923.0,0
etesz,geniowe2002,False,qdom9d,1634935547.0,0
foothills_guide,LarriqueRulemanes,True,qdo1vw,1634932999.0,4
tonterias,LarriqueRulemanes,True,qdo1vw,1634933553.0,11
bot_canillita,LarriqueRulemanes,True,qdo1vw,1634930128.0,1
bot_canillita,bot_canillita,False,qdo1vw,1634930129.0,1
ShepardUY2200,ThatwasGibberish,True,qdm0zn,1634927377.0,61
Morningstardom,ThatwasGibberish,True,qdm0zn,1634928450.0,16
dpx92,ThatwasGibberish,True,qdm0zn,1634924738.0,15
Gobeltik,ThatwasGibberish,True,qdm0zn,1634926849.0,25
terryheavy,ThatwasGibberish,True,qdm0zn,1634941254.0,5
empleadoEstatal,ThatwasGibberish,True,qdm0zn,1634945518.0,5
uliseswfer,ThatwasGibberish,True,qdm0zn,1634941547.0,4
Marce1714,ThatwasGibberish,True,qdm0zn,1634993582.0,3
marconovino,ThatwasGibberish,True,qdm0zn,1634924495.0,7
Lucas-P,ThatwasGibberish,True,qdm0zn,1634925408.0,4
potencia2001,ThatwasGibberish,True,qdm0zn,1634958053.0,0
Dear_Ad_3860,ThatwasGibberish,True,qdm0zn,1635122708.0,1
Gobeltik,Gobeltik,False,qdm0zn,1634926890.0,36
geniowe2002,Gobeltik,False,qdm0zn,1634943468.0,4
ThatwasGibberish,Gobeltik,False,qdm0zn,1634935339.0,-3
invalidusernaem,Gobeltik,False,qdm0zn,1634950953.0,1
elmange,empleadoEstatal,False,qdm0zn,1635000397.0,3
Akamaramas,Lucas-P,False,qdm0zn,1634928318.0,11
guiblauser,Lucas-P,False,qdm0zn,1634930688.0,5
Thesencillitas,potencia2001,False,qdm0zn,1634968064.0,3
empleadoEstatal,elmange,False,qdm0zn,1635023496.0,2
Morningstardom,Akamaramas,False,qdm0zn,1634928395.0,14
Lucas-P,Akamaramas,False,qdm0zn,1634930424.0,3
potencia2001,Thesencillitas,False,qdm0zn,1634986103.0,0
canofpesto,Lucas-P,False,qdm0zn,1634987187.0,1
Material-Upstairs-84,potencia2001,False,qdm0zn,1634991292.0,4
Thesencillitas,potencia2001,False,qdm0zn,1635000826.0,2
Thesencillitas,Material-Upstairs-84,False,qdm0zn,1635000869.0,1
potencia2001,Material-Upstairs-84,False,qdm0zn,1634996151.0,-1
Material-Upstairs-84,Thesencillitas,False,qdm0zn,1635011119.0,2
potencia2001,Thesencillitas,False,qdm0zn,1635015233.0,2
Material-Upstairs-84,potencia2001,False,qdm0zn,1634996605.0,1
Thesencillitas,Material-Upstairs-84,False,qdm0zn,1635012332.0,1
Thesencillitas,potencia2001,False,qdm0zn,1635047075.0,2
holapantufla,potencia2001,False,qdm0zn,1635023582.0,2
potencia2001,Material-Upstairs-84,False,qdm0zn,1635015607.0,1
potencia2001,Thesencillitas,False,qdm0zn,1635069458.0,1
potencia2001,holapantufla,False,qdm0zn,1635028003.0,0
Material-Upstairs-84,potencia2001,False,qdm0zn,1635024169.0,1
potencia2001,Material-Upstairs-84,False,qdm0zn,1635028060.0,1
bot_canillita,NaBUru38,True,qdl6xk,1634921849.0,1
Coloradodeomar,kafka0011,True,qdktp7,1634921589.0,22
jpuru,kafka0011,True,qdktp7,1634922496.0,56
leojg,kafka0011,True,qdktp7,1634923826.0,8
_denebola_,kafka0011,True,qdktp7,1634928917.0,3
ViudaParaguaya,kafka0011,True,qdktp7,1634921863.0,19
Material-Upstairs-84,kafka0011,True,qdktp7,1634936879.0,9
Lucas-P,kafka0011,True,qdktp7,1634925920.0,2
NaBUru38,kafka0011,True,qdktp7,1634929034.0,2
gmuslera,kafka0011,True,qdktp7,1634923098.0,1
LeanNara,kafka0011,True,qdktp7,1634933639.0,1
ElLujoEsVulgaridad,kafka0011,True,qdktp7,1634921274.0,-4
fifin,kafka0011,True,qdktp7,1634936673.0,1
Pochikpo,kafka0011,True,qdktp7,1634981792.0,1
Motor-Ad2299,kafka0011,True,qdktp7,1634984608.0,1
Toxe_98,kafka0011,True,qdktp7,1634999294.0,1
HorugeRuisoUy,kafka0011,True,qdktp7,1635009569.0,1
Ominous77,kafka0011,True,qdktp7,1635013730.0,1
Andrew-Leftovers,kafka0011,True,qdktp7,1635027607.0,1
Rodos_SVP,kafka0011,True,qdktp7,1635035101.0,1
MrLangosta,kafka0011,True,qdktp7,1634922433.0,0
UruGUY98,kafka0011,True,qdktp7,1634932344.0,0
smarti23,jpuru,False,qdktp7,1634925500.0,7
Yupi-Destiny,jpuru,False,qdktp7,1634923733.0,2
adipower199,jpuru,False,qdktp7,1634953772.0,2
sebaborghi,leojg,False,qdktp7,1634996510.0,3
kelukeluke,ViudaParaguaya,False,qdktp7,1634924889.0,1
kafka0011,ViudaParaguaya,False,qdktp7,1634927111.0,0
Doc-Frank,Material-Upstairs-84,False,qdktp7,1635009514.0,1
sebaborghi,Material-Upstairs-84,False,qdktp7,1635025499.0,1
UruGUY98,NaBUru38,False,qdktp7,1634932454.0,4
qwemateo13,smarti23,False,qdktp7,1634935998.0,7
ViudaParaguaya,kafka0011,False,qdktp7,1634932475.0,1
smarti23,qwemateo13,False,qdktp7,1634936112.0,6
Armh1299,qwemateo13,False,qdktp7,1634937572.0,0
qwemateo13,smarti23,False,qdktp7,1634936275.0,4
FedeFSA,smarti23,False,qdktp7,1634941865.0,2
smarti23,FedeFSA,False,qdktp7,1634941960.0,4
FedeFSA,smarti23,False,qdktp7,1634942377.0,5
bot_canillita,NaBUru38,True,qdka4c,1634919209.0,1
UruGUY98,NaBUru38,True,qdka4c,1634932504.0,1
Toxe_98,NaBUru38,True,qdka4c,1634938720.0,1
thewolverin3,LarriqueRulemanes,True,qdjuju,1634918086.0,14
DynaMenace,LarriqueRulemanes,True,qdjuju,1634937822.0,3
goncri,LarriqueRulemanes,True,qdjuju,1634928567.0,1
Old-Wind3702,LarriqueRulemanes,True,qdjuju,1634928812.0,1
terryheavy,LarriqueRulemanes,True,qdjuju,1634941587.0,1
Fearless_Goose3004,LarriqueRulemanes,True,qdjuju,1634944109.0,1
Del_to_ya,LarriqueRulemanes,True,qdjuju,1634918575.0,-7
LarriqueRulemanes,thewolverin3,False,qdjuju,1634918440.0,2
Pica-piedra,thewolverin3,False,qdjuju,1634920469.0,1
AntiJotape,thewolverin3,False,qdjuju,1634941507.0,1
m0l0t0v1234,goncri,False,qdjuju,1634936298.0,2
goncri,Fearless_Goose3004,False,qdjuju,1635022021.0,1
AntiJotape,Del_to_ya,False,qdjuju,1634941559.0,4
orasio,Pica-piedra,False,qdjuju,1634933489.0,3
Tausto,LarriqueRulemanes,True,qdjrxw,1634920979.0,21
Lucas-P,LarriqueRulemanes,True,qdjrxw,1634925993.0,15
MakZoz-25,LarriqueRulemanes,True,qdjrxw,1634921871.0,12
SVPPB,LarriqueRulemanes,True,qdjrxw,1634934136.0,8
CalamarinoDanzante,LarriqueRulemanes,True,qdjrxw,1634934502.0,3
Single_Conference465,LarriqueRulemanes,True,qdjrxw,1634959485.0,3
ElGordoQuePrograma,LarriqueRulemanes,True,qdjrxw,1634932967.0,5
leandruskis,guille_ur,True,qdj9kz,1634916962.0,27
arturocan,guille_ur,True,qdj9kz,1634923316.0,12
AspectWrong391,guille_ur,True,qdj9kz,1634950171.0,4
Made_In_Korea,guille_ur,True,qdj9kz,1634918381.0,9
diegoxuru,guille_ur,True,qdj9kz,1634932961.0,3
guille_ur,guille_ur,True,qdj9kz,1634918654.0,8
bot_canillita,guille_ur,True,qdj9kz,1634916328.0,2
gmuslera,guille_ur,True,qdj9kz,1634918062.0,2
NaBUru38,guille_ur,True,qdj9kz,1634919334.0,1
DesdeMarte,guille_ur,True,qdj9kz,1634930027.0,3
guille_ur,arturocan,False,qdj9kz,1634951030.0,3
guille_ur,Made_In_Korea,False,qdj9kz,1634919566.0,1
Curious_Parsley,guille_ur,False,qdj9kz,1634920431.0,9
vinacho,gmuslera,False,qdj9kz,1634924407.0,8
vinacho,DesdeMarte,False,qdj9kz,1634939548.0,5
guiblauser,guille_ur,False,qdj9kz,1634927759.0,7
nacho013,guille_ur,False,qdj9kz,1634920555.0,5
gmuslera,vinacho,False,qdj9kz,1634924681.0,6
mixedCase_,vinacho,False,qdj9kz,1634925672.0,0
DesdeMarte,vinacho,False,qdj9kz,1634942941.0,3
JPHierophant,nacho013,False,qdj9kz,1634925119.0,8
orasio,gmuslera,False,qdj9kz,1634934113.0,8
vinacho,gmuslera,False,qdj9kz,1634929437.0,2
vinacho,mixedCase_,False,qdj9kz,1634929597.0,6
orasio,JPHierophant,False,qdj9kz,1634933668.0,7
nacho013,JPHierophant,False,qdj9kz,1634930058.0,1
orasio,JPHierophant,False,qdj9kz,1635012958.0,1
gmuslera,orasio,False,qdj9kz,1634934409.0,-2
RecommendationNo33,orasio,False,qdj9kz,1635024331.0,1
mixedCase_,vinacho,False,qdj9kz,1634937320.0,2
JPHierophant,orasio,False,qdj9kz,1634934121.0,3
tonterias,orasio,False,qdj9kz,1634933912.0,5
vinacho,orasio,False,qdj9kz,1634939696.0,2
JPHierophant,nacho013,False,qdj9kz,1634937343.0,5
orasio,gmuslera,False,qdj9kz,1634935677.0,6
orasio,RecommendationNo33,False,qdj9kz,1635025505.0,1
orasio,RecommendationNo33,False,qdj9kz,1635037560.0,1
vinacho,mixedCase_,False,qdj9kz,1634939228.0,6
orasio,tonterias,False,qdj9kz,1634936517.0,3
ToMateUnMateOUnChori,vinacho,False,qdj9kz,1634939723.0,2
nacho013,JPHierophant,False,qdj9kz,1634949541.0,1
vinacho,orasio,False,qdj9kz,1634939424.0,4
RecommendationNo33,orasio,False,qdj9kz,1635082022.0,2
RecommendationNo33,orasio,False,qdj9kz,1635081688.0,1
tonterias,orasio,False,qdj9kz,1634939585.0,2
guille_ur,nacho013,False,qdj9kz,1634952341.0,1
orasio,RecommendationNo33,False,qdj9kz,1635092020.0,1
RecommendationNo33,orasio,False,qdj9kz,1635093946.0,1
LeanNara,quentinsape,True,qdj5or,1634930798.0,4
Megumi_chef,quentinsape,True,qdj5or,1634939934.0,3
TrogloditadelaCueva,quentinsape,True,qdj5or,1634918029.0,2
marconovino,quentinsape,True,qdj5or,1634925115.0,2
darkyoruga,quentinsape,True,qdj5or,1634916609.0,1
empleadoEstatal,quentinsape,True,qdj5or,1634945759.0,1
MaxiroUy,Sssebita97,True,qdiv8o,1634921581.0,14
Sssebita97,Sssebita97,True,qdiv8o,1634915148.0,3
ViciousMind,Sssebita97,True,qdiv8o,1634935588.0,1
tonterias,Sssebita97,True,qdiv8o,1634950403.0,1
Pica-piedra,Sssebita97,True,qdiv8o,1634957176.0,1
No-Ad4439,Sssebita97,True,qdiv8o,1634933182.0,-2
Mage_Ozz,MaxiroUy,False,qdiv8o,1634935896.0,5
GoDiegoGo_uy,ViciousMind,False,qdiv8o,1634936164.0,5
invalidusernaem,tonterias,False,qdiv8o,1634951214.0,1
GoDiegoGo_uy,No-Ad4439,False,qdiv8o,1634936107.0,5
MaxiroUy,Mage_Ozz,False,qdiv8o,1634946472.0,2
Sssebita97,Mage_Ozz,False,qdiv8o,1634941611.0,0
ViciousMind,GoDiegoGo_uy,False,qdiv8o,1634938075.0,3
fullup72,MaxiroUy,False,qdiv8o,1634962568.0,2
Sssebita97,ViciousMind,False,qdiv8o,1634941680.0,2
ViciousMind,Sssebita97,False,qdiv8o,1634943023.0,2
Ok-Ad-1138,DiabolicZyrox,True,qd4m8i,1634914595.0,2
DiabolicZyrox,Ok-Ad-1138,False,qd4m8i,1634954963.0,1
LarriqueRulemanes,Mekong4321,True,qd39l9,1634913546.0,14
tonterias,Mekong4321,True,qd39l9,1634934016.0,5
Del_to_ya,Mekong4321,True,qd39l9,1634920158.0,3
The-H007,Mekong4321,True,qd39l9,1634945363.0,1
empleadoEstatal,Mekong4321,True,qd39l9,1634946004.0,1
reditusername2,Brilliant_Relief_931,True,qd911z,1634936038.0,5
Gabbr_,Brilliant_Relief_931,True,qd911z,1634917418.0,4
ELCORSA,Brilliant_Relief_931,True,qd911z,1634913279.0,7
astravioleta,Brilliant_Relief_931,True,qd911z,1634941138.0,2
Brilliant_Relief_931,reditusername2,False,qd911z,1634942172.0,1
Brilliant_Relief_931,Gabbr_,False,qd911z,1634942274.0,2
Brilliant_Relief_931,astravioleta,False,qd911z,1634942239.0,1
ssdh395,Mujer_Arania,True,qdhqay,1634914546.0,63
facuuuundo,Mujer_Arania,True,qdhqay,1634913264.0,27
Morningstardom,Mujer_Arania,True,qdhqay,1634915316.0,22
AdmiralKeg,Mujer_Arania,True,qdhqay,1634915545.0,13
Pepe-Banana,Mujer_Arania,True,qdhqay,1634920125.0,12
BorderFlock,Mujer_Arania,True,qdhqay,1634912933.0,4
gmuslera,Mujer_Arania,True,qdhqay,1634915185.0,3
Gavb238,Mujer_Arania,True,qdhqay,1634916687.0,3
RobleViejo,Mujer_Arania,True,qdhqay,1634914398.0,2
potencia2001,Mujer_Arania,True,qdhqay,1634914923.0,2
endsendo,Mujer_Arania,True,qdhqay,1634919924.0,2
elmonetta,Mujer_Arania,True,qdhqay,1634930186.0,2
Jonakss,Mujer_Arania,True,qdhqay,1634932527.0,2
bruhboiZ,Mujer_Arania,True,qdhqay,1634932639.0,2
LeanNara,Mujer_Arania,True,qdhqay,1634933352.0,2
ELCORSA,Mujer_Arania,True,qdhqay,1634913148.0,2
Sssebita97,Mujer_Arania,True,qdhqay,1634915227.0,1
sebanico99,Mujer_Arania,True,qdhqay,1634915407.0,1
AlexisGPS_UY,Mujer_Arania,True,qdhqay,1634918084.0,1
NaBUru38,Mujer_Arania,True,qdhqay,1634918141.0,1
Joaco1478XD,Mujer_Arania,True,qdhqay,1634918452.0,1
NegotiationSea357,Mujer_Arania,True,qdhqay,1634922742.0,1
Diego110,Mujer_Arania,True,qdhqay,1634924115.0,1
Frodo2412,Mujer_Arania,True,qdhqay,1634935695.0,1
uruguayan_boi,Mujer_Arania,True,qdhqay,1634945151.0,1
empleadoEstatal,Mujer_Arania,True,qdhqay,1634946453.0,1
Fostire,facuuuundo,False,qdhqay,1634917644.0,14
Mujer_Arania,facuuuundo,False,qdhqay,1634918559.0,0
Julie-1996,Morningstardom,False,qdhqay,1634925685.0,7
Toxe_98,Morningstardom,False,qdhqay,1634926426.0,4
Diabeanie33,Morningstardom,False,qdhqay,1634930581.0,2
todobanners,Morningstardom,False,qdhqay,1634993965.0,1
RicardoURU,AdmiralKeg,False,qdhqay,1634915831.0,35
HorugeRuisoUy,Pepe-Banana,False,qdhqay,1634929821.0,11
Morningstardom,Pepe-Banana,False,qdhqay,1634931970.0,4
EvilDead91,Pepe-Banana,False,qdhqay,1634934583.0,5
LeanNara,Pepe-Banana,False,qdhqay,1634933389.0,2
-FlawlessVictory-,BorderFlock,False,qdhqay,1634919527.0,2
Fostire,Gavb238,False,qdhqay,1634917851.0,3
HorugeRuisoUy,potencia2001,False,qdhqay,1634929856.0,2
Mujer_Arania,sebanico99,False,qdhqay,1634918607.0,1
Mujer_Arania,NaBUru38,False,qdhqay,1634918617.0,2
ideka,Fostire,False,qdhqay,1634924261.0,8
Pepe-Banana,HorugeRuisoUy,False,qdhqay,1634931453.0,1
Pepe-Banana,Morningstardom,False,qdhqay,1634936338.0,3
EvilDead91,LeanNara,False,qdhqay,1634934624.0,2
Pepe-Banana,LeanNara,False,qdhqay,1634936383.0,2
BorderFlock,-FlawlessVictory-,False,qdhqay,1634921614.0,5
Fostire,ideka,False,qdhqay,1634925965.0,10
LeanNara,Pepe-Banana,False,qdhqay,1634936911.0,3
-FlawlessVictory-,BorderFlock,False,qdhqay,1634925568.0,3
KingDiamondURU666,randy1301,True,qdhktd,1634925526.0,2
Urunabo,KingDiamondURU666,False,qdhktd,1634950104.0,1
KingDiamondURU666,Urunabo,False,qdhktd,1634951943.0,1
Pdr1to,LarriqueRulemanes,True,qdhf2x,1634931248.0,8
Gustavo-SC,LarriqueRulemanes,True,qdhf2x,1634913285.0,18
KingDiamondURU666,LarriqueRulemanes,True,qdhf2x,1634925666.0,16
wm1293,LarriqueRulemanes,True,qdhf2x,1634991479.0,4
bot_canillita,LarriqueRulemanes,True,qdhf2x,1634910809.0,10
moy--,LarriqueRulemanes,True,qdhf2x,1634913666.0,23
IcaroGoteando,LarriqueRulemanes,True,qdhf2x,1634933475.0,12
POLIESTERxD,LarriqueRulemanes,True,qdhf2x,1634954029.0,4
vinacho,LarriqueRulemanes,True,qdhf2x,1634912306.0,1
Maurarias,LarriqueRulemanes,True,qdhf2x,1634911253.0,-15
estoxzeroo,Gustavo-SC,False,qdhf2x,1634932670.0,2
tonterias,moy--,False,qdhf2x,1634935260.0,9
ElMasApan,moy--,False,qdhf2x,1634944276.0,2
VachelliaCaven,POLIESTERxD,False,qdhf2x,1634986086.0,3
tonterias,VachelliaCaven,False,qdhf2x,1635006248.0,2
POLIESTERxD,VachelliaCaven,False,qdhf2x,1635006911.0,1
gmuslera,Ominous77,True,qdh4tz,1634915550.0,8
bot_canillita,Ominous77,True,qdh4tz,1634909908.0,1
notzonan,gmuslera,False,qdh4tz,1634934320.0,4
Maruko-theFormal,Remote_Radish976,True,qdh44o,1634916249.0,15
dantecapybara,Remote_Radish976,True,qdh44o,1634909982.0,11
goncri,Remote_Radish976,True,qdh44o,1634928657.0,2
guille_ur,Remote_Radish976,True,qdh44o,1634912586.0,2
oliveruy23,Remote_Radish976,True,qdh44o,1634925039.0,1
TrogloditadelaCueva,dantecapybara,False,qdh44o,1634913007.0,3
reditusername2,dantecapybara,False,qdh44o,1634930238.0,1
Remote_Radish976,TrogloditadelaCueva,False,qdh44o,1634914128.0,2
TrogloditadelaCueva,Remote_Radish976,False,qdh44o,1634916242.0,3
leandrogoe,Remote_Radish976,False,qdh44o,1634956633.0,1
dude_in_the_mansuit,Remote_Radish976,False,qdh44o,1634915907.0,0
gustavo-mnz,More_Magician_3696,True,qdg029,1634906825.0,6
Franmodd,More_Magician_3696,True,qdg029,1634912339.0,6
LarriqueRulemanes,More_Magician_3696,True,qdg029,1634910512.0,3
LeanNara,More_Magician_3696,True,qdg029,1634909202.0,2
Gaston004,More_Magician_3696,True,qdg029,1634911339.0,2
lito1515,More_Magician_3696,True,qdg029,1634914444.0,2
darkyoruga,More_Magician_3696,True,qdg029,1634911971.0,1
More_Magician_3696,More_Magician_3696,True,qdg029,1634934808.0,1
empleadoEstatal,More_Magician_3696,True,qdg029,1634948190.0,1
leandruskis,gustavo-mnz,False,qdg029,1634909578.0,3
GFischerUY,gustavo-mnz,False,qdg029,1634912566.0,3
Franmodd,Franmodd,False,qdg029,1634912777.0,3
dude_in_the_mansuit,Franmodd,False,qdg029,1634914131.0,1
gustavo-mnz,leandruskis,False,qdg029,1634915615.0,2
gustavo-mnz,GFischerUY,False,qdg029,1634918844.0,2
Franmodd,dude_in_the_mansuit,False,qdg029,1634917884.0,1
leandruskis,gustavo-mnz,False,qdg029,1634916553.0,3
dude_in_the_mansuit,Franmodd,False,qdg029,1634918020.0,1
ElGordoQuePrograma,Ominous77,True,qdew1m,1634907960.0,23
vinacho,Ominous77,True,qdew1m,1634907442.0,7
canadawastoocold,Ominous77,True,qdew1m,1634909144.0,7
LeanNara,Ominous77,True,qdew1m,1634909443.0,18
GreenKotlin,Ominous77,True,qdew1m,1634910098.0,14
mocheta,Ominous77,True,qdew1m,1634907641.0,6
Hurso81,Ominous77,True,qdew1m,1634925117.0,4
bot_canillita,Ominous77,True,qdew1m,1634902168.0,1
guille_ur,Ominous77,True,qdew1m,1634912935.0,1
BorderFlock,ElGordoQuePrograma,False,qdew1m,1634913491.0,8
LeanNara,ElGordoQuePrograma,False,qdew1m,1634909461.0,0
ElGordoQuePrograma,canadawastoocold,False,qdew1m,1634912611.0,2
Ominous77,canadawastoocold,False,qdew1m,1634943570.0,0
UruGUY98,GreenKotlin,False,qdew1m,1634919868.0,7
Ominous77,GreenKotlin,False,qdew1m,1634943537.0,0
ElGordoQuePrograma,mocheta,False,qdew1m,1634912598.0,5
william_mvd,guille_ur,False,qdew1m,1634949475.0,0
ElGordoQuePrograma,LeanNara,False,qdew1m,1634909631.0,8
canadawastoocold,ElGordoQuePrograma,False,qdew1m,1634916729.0,7
GreenKotlin,UruGUY98,False,qdew1m,1634931554.0,4
mocheta,ElGordoQuePrograma,False,qdew1m,1634946944.0,2
guille_ur,william_mvd,False,qdew1m,1634949798.0,1
7TB,ElGordoQuePrograma,False,qdew1m,1634917649.0,5
RicardoURU,ElGordoQuePrograma,False,qdew1m,1634920812.0,4
CalamarinoDanzante,ElGordoQuePrograma,False,qdew1m,1634911923.0,2
Toxe_98,ElGordoQuePrograma,False,qdew1m,1634912885.0,1
ElGordoQuePrograma,canadawastoocold,False,qdew1m,1634917293.0,1
UruGUY98,GreenKotlin,False,qdew1m,1634931720.0,5
ElGordoQuePrograma,7TB,False,qdew1m,1634917800.0,5
ElGordoQuePrograma,Toxe_98,False,qdew1m,1634917254.0,4
canadawastoocold,ElGordoQuePrograma,False,qdew1m,1634919652.0,0
7TB,ElGordoQuePrograma,False,qdew1m,1634920985.0,4
urymasa1970,urymasa1970,True,qderf8,1634901660.0,4
bot_canillita,urymasa1970,True,qderf8,1634901689.0,2
tabareb,urymasa1970,True,qderf8,1634939749.0,1
estoxzeroo,urymasa1970,False,qderf8,1634942433.0,3
notzonan,ELCORSA,True,qde7la,1634899653.0,3
ELCORSA,notzonan,False,qde7la,1634899706.0,2
geniowe2002,ELCORSA,False,qde7la,1634957388.0,1
lito1515,random_daily_subject,True,qdbcge,1634898504.0,11
LeanNara,random_daily_subject,True,qdbcge,1634909537.0,7
DesdeMarte,random_daily_subject,True,qdbcge,1634903241.0,2
geniowe2002,random_daily_subject,True,qdbcge,1634935112.0,2
feluxxgamer,random_daily_subject,True,qdbcge,1634951535.0,2
AntiJotape,random_daily_subject,True,qdbcge,1634910881.0,6
uruguayandeuruguay,random_daily_subject,True,qdbcge,1634902555.0,2
ELCORSA,lito1515,False,qdbcge,1634899089.0,8
AdmiralKeg,LeanNara,False,qdbcge,1634926457.0,2
LeanNara,AdmiralKeg,False,qdbcge,1634928625.0,2
AdmiralKeg,LeanNara,False,qdbcge,1634928691.0,1
LeanNara,AdmiralKeg,False,qdbcge,1634929316.0,2
Gafhito,arpanonn,True,qdabr8,1634917807.0,4
Gobeltik,arpanonn,True,qdabr8,1634899180.0,2
Mr_Bolainas,arpanonn,True,qdabr8,1634902389.0,2
geniowe2002,arpanonn,True,qdabr8,1634883290.0,1
agusrofer,arpanonn,True,qdabr8,1634912904.0,1
The-H007,Gafhito,False,qdabr8,1634934962.0,1
arpanonn,Gobeltik,False,qdabr8,1634910229.0,1
arpanonn,Mr_Bolainas,False,qdabr8,1634910321.0,1
arpanonn,geniowe2002,False,qdabr8,1634910283.0,1
arpanonn,agusrofer,False,qdabr8,1634914512.0,1
Gobeltik,arpanonn,False,qdabr8,1634912354.0,1
Avenger001,arpanonn,False,qdabr8,1634921829.0,1
Gobeltik,Gobeltik,False,qdabr8,1634912436.0,1
arpanonn,Gobeltik,False,qdabr8,1634914544.0,1
Gobeltik,arpanonn,False,qdabr8,1634914870.0,1
Gobeltik,arpanonn,False,qdabr8,1634914937.0,1
arpanonn,Gobeltik,False,qdabr8,1634915471.0,1
Gobeltik,arpanonn,False,qdabr8,1634915575.0,1
arpanonn,Gobeltik,False,qdabr8,1634917465.0,2
ResearcherHawk446,imphi-me,True,qd81to,1634898074.0,8
bigdaddyjf,imphi-me,True,qd81to,1634916160.0,11
MakZoz-25,imphi-me,True,qd81to,1634902694.0,5
kelukeluke,imphi-me,True,qd81to,1634902074.0,1
Del_to_ya,imphi-me,True,qd81to,1634919484.0,-4
Morningstardom,Del_to_ya,False,qd81to,1634932163.0,1
bot_canillita,Ominous77,True,qd5x6d,1634864909.0,2
Fenris_uy,bot_canillita,False,qd5x6d,1634906023.0,1
Gustavo-SC,Fenris_uy,False,qd5x6d,1634907747.0,4
SVPPB,Fenris_uy,False,qd5x6d,1634934875.0,2
Fenris_uy,Gustavo-SC,False,qd5x6d,1634908023.0,2
Blasckk,Gustavo-SC,False,qd5x6d,1634914839.0,2
Gustavo-SC,Fenris_uy,False,qd5x6d,1634908179.0,6
pab3925,Fenris_uy,False,qd5x6d,1635005770.0,1
Gustavo-SC,Blasckk,False,qd5x6d,1634915853.0,-1
Fenris_uy,Gustavo-SC,False,qd5x6d,1634908678.0,4
Gustavo-SC,Fenris_uy,False,qd5x6d,1634908857.0,6
Fenris_uy,Gustavo-SC,False,qd5x6d,1634909515.0,3
AntiJotape,Fenris_uy,False,qd5x6d,1634910509.0,6
Fenris_uy,AntiJotape,False,qd5x6d,1634910729.0,4
AntiJotape,Fenris_uy,False,qd5x6d,1634911462.0,2
Fenris_uy,AntiJotape,False,qd5x6d,1634911688.0,5
AntiJotape,Fenris_uy,False,qd5x6d,1634911809.0,3
Gustavo-SC,AntiJotape,False,qd5x6d,1634916248.0,2
Lucas-P,FefiyoBread,True,qd5suy,1634910546.0,2
uruguay2609,Lucas-P,False,qd5suy,1634944364.0,1
