commenter,responds_to,is_root_comment,post_id,created_utc,score,body
Borkkito,Borkkito,True,mvjdtw,1619023930.0,56,"[Fondo](https://i.imgur.com/cYut6GQ.jpg)

Dejo por ac치 un fondo para celular por si alguien quiere :)"
OldAnxiety,Borkkito,True,mvjdtw,1619027520.0,29,"De los mejores contenidos de la semana, tu unica competencia son las palomas haha"
Borkkito,Borkkito,True,mvjdtw,1619032779.0,16,"Muchas gracias por todos los awards y los mensajes. Posta que me re levantaron el animo. Dentro de unos meses capaz que subo alg칰n otro trabajo. Otra vez, mil gracias!"
S_B_5_8,Borkkito,True,mvjdtw,1619023420.0,14,"Buen칤simo, me lo voy a poner como fondo de pantalla, pero te recomiendo ponerle una marca de agua para evitar que te lo roben.

Por cierto si quieres publ칤calo en alg칰n subredes grande para arte o algo, asi ganas mas reconocimiento."
ripichipi25,Borkkito,True,mvjdtw,1619022864.0,12,Es moooy buenooo!!!
FullIndignation,Borkkito,True,mvjdtw,1619027051.0,10,"Excelentisimo, tenga su award, noble user."
achorio,Borkkito,True,mvjdtw,1619028102.0,8,"Pah loco... me saco el sombrero... buen칤simo, de lo mejor que veo en r/uruguay en bastante tiempo."
yernidef,Borkkito,True,mvjdtw,1619026085.0,7,"AMIGOOOOO esta muy bueno bolu, cual es la imagen original?"
Ziozark,Borkkito,True,mvjdtw,1619031071.0,7,"Montevideo si estuviera en Hotline Miami:

Est치 excelente btw"
GastosComunes,Borkkito,True,mvjdtw,1619031359.0,6,"Si viniera un Daft Punk a Montevideo me lo imagino con este fondo, excelente trabajo!"
Matoxina,Borkkito,True,mvjdtw,1619034468.0,5,"Te dar칤a un reddit gold pero ni cagando le doy plata a reddit, decime tu direcci칩n que te mando un alfajor portezuelo por pedidosya"
tarzanboyz,Borkkito,True,mvjdtw,1619037554.0,5,"Impresionante. Si no te jode, lo voy a imprimir en papel fotogr치fico y enmarcar. Soy muy fan de la est칠tica retrowave.

Yo que vos considerar칤a comercializarlos como l치minas o cuadros, m치s de uno te comprar칤a. 

Felicitaciones y segu칤 as칤."
NeedlearnArabdguy,Borkkito,True,mvjdtw,1619026809.0,5,Un [tema](https://youtu.be/8GW6sLrK40k) vaporwave de fondo y pir치s
Jero_TG,Borkkito,True,mvjdtw,1619023836.0,4,ta bueno si
Novakpoa,Borkkito,True,mvjdtw,1619025950.0,5,Muy bueno!! 游뗿
Climadeagosto,Borkkito,True,mvjdtw,1619025413.0,3,muy bueno chee
HarrityRandall,Borkkito,True,mvjdtw,1619028329.0,3,Tremendo!
maxisilv,Borkkito,True,mvjdtw,1619030274.0,3,Imponente
oskimac,Borkkito,True,mvjdtw,1619033293.0,3,"Bu e ni si mo. Lo mejor.que he visto en este sub ultimamente. 
Postea mas"
Edefery,Borkkito,True,mvjdtw,1619038166.0,3,Queeeeeeeeeeeeeeeeeee est치 hermosooooooooooo :3
agusgm2002,Borkkito,True,mvjdtw,1619049327.0,3,Tenes q subirlo a wallpaper engine
Blodhgram22,Borkkito,True,mvjdtw,1619028392.0,2,Tremendo!
Eugegar,Borkkito,True,mvjdtw,1619028411.0,2,Que grande! Est치 espectacular
N4M3L35S,Borkkito,True,mvjdtw,1619031740.0,2,Est치 tremendo!
BiggieTheUnlikely,Borkkito,True,mvjdtw,1619033146.0,2,Montevideo Vice City
chiisai_kuma,Borkkito,True,mvjdtw,1619033715.0,2,Que bello!
goldgrey15,Borkkito,True,mvjdtw,1619034053.0,2,Merece que lo subas a r/outrun
PM_YOUR_HEDGEHOGS,Borkkito,True,mvjdtw,1619034175.0,2,Me encanto !redditchoripan
therealmaeunu,Borkkito,True,mvjdtw,1619034269.0,2,Cool
Matoxina,Borkkito,True,mvjdtw,1619034370.0,2,Esto es ermoso
Cerulean-Knight,Borkkito,True,mvjdtw,1619036620.0,2,"Est치 genial!

Quizas le agregar칤a la torre de Antel, sino cuesta darse cuenta que es Montevideo (!)"
MoleroInTheBrain,Borkkito,True,mvjdtw,1619063656.0,2,"Excelente laburo, podes contar un poco m치s del proceso?"
EdgarVarese,Borkkito,True,mvjdtw,1620315724.0,2,Me encanta que sea la imagen de la comunidad
ronkonkokokita,Borkkito,True,mvjdtw,1625025175.0,2,Pa es una joya amigo te qued칩 buen칤simo
OldAnxiety,Borkkito,True,mvjdtw,1619027569.0,3,Convertilo en nft esta hermoso
Slaayer_,Borkkito,True,mvjdtw,1619029430.0,1,japush
ChipChiposa,Borkkito,True,mvjdtw,1619038634.0,1,La verdad que te qued칩 buen칤simo
newBaraja,Borkkito,True,mvjdtw,1619042746.0,1,"Noooo, te fuiste al carajo, ta sarpado.
Hace cuanto haces este tipo de arte?? Quiero saber porque sienpre tuve ganas de saber hacer este tipo de ilustraciones pero no se ni por donde empezar"
AAG2273,Borkkito,True,mvjdtw,1619043638.0,1,buenisimo! 쯤ue programa usaste?
sap323,Borkkito,True,mvjdtw,1619044512.0,1,DAMN
palomas_uy,Borkkito,True,mvjdtw,1619046102.0,1,"Sos una bestia rey, te fuiste al carajo."
acceder,Borkkito,True,mvjdtw,1619046107.0,1,grandioso!!!!
somedude_0,Borkkito,True,mvjdtw,1619047867.0,1,Propio. Necesito una versi칩n con la torre antel.
MauBlackLagoon,Borkkito,True,mvjdtw,1619048346.0,1,"Qued칩 muy, muy lindo. Felicidades"
p3rdigot0,Borkkito,True,mvjdtw,1619049572.0,1,"Top bro, congrats"
jokermex,Borkkito,True,mvjdtw,1619050021.0,1,Precioso
Tmonje90,Borkkito,True,mvjdtw,1619054496.0,1,Epetaculah
Bruu_,Borkkito,True,mvjdtw,1619054547.0,1,muy buen laburo!
black_knife201,Borkkito,True,mvjdtw,1619066603.0,1,"Que bueno q esta!, ahora hay que hacer una pista retro de  jaime roos"
intensive-porpoise,Borkkito,True,mvjdtw,1619068785.0,1,VIDEO MTN.
Elratauru,Borkkito,True,mvjdtw,1619069474.0,1,Se puede pedir un 1920x1080 de esto? Va pal' fondo de la pc fisura sabelo.
tumamaenlacueva,Borkkito,True,mvjdtw,1619089073.0,1,Te qued칩 muy bien
MartinKing84,Borkkito,True,mvjdtw,1619098845.0,1,Nah nah nah!!!!!!! Te fuisteis de tema!!!!!!!!  Pasamelo en full alta que lo quiero p치 fondo de escritorio
AquaNymph96,Borkkito,True,mvjdtw,1619121311.0,1,Te quedo impecables!! Me encanta esa estetica
uruguay4n,Borkkito,True,mvjdtw,1619132045.0,1,Hermoso
Dear_Ad_3860,Borkkito,True,mvjdtw,1619152103.0,1,Me encanta! 쯄e lo puedo quedar?
DragEconomy,Borkkito,True,mvjdtw,1619325895.0,1,joder que hermoso presioso maravilloso
EdgarVarese,Borkkito,True,mvjdtw,1619375602.0,1,칄sto es muy hermoso!! D칩nde se puede ver m치s de tu trabajo?
Due-Equivalent-3957,Borkkito,True,mvjdtw,1619565011.0,1,Mu weno
polishkow20,Borkkito,True,mvjdtw,1619961827.0,1,Ta potente
TraposWeeb,Borkkito,True,mvjdtw,1620256694.0,1,esta epico amigo
Sad_Scholar_211,Borkkito,True,mvjdtw,1632749023.0,1,Hermoso
Made_In_Korea,Borkkito,False,mvjdtw,1619026281.0,16,"Genial. 쯇odr칤as hacer una versi칩n con el cielo usando color negro, para que sea AMOLED-friendly?"
SurrealNautilus,Borkkito,False,mvjdtw,1619036855.0,11,Muy bueno! Ojala q alguien haga el remix retro wave de la calle durazno d Jaime ross y pongan tu ilustraci칩n d fondo!!... Q programa usaste?
Borkkito,OldAnxiety,False,mvjdtw,1619028893.0,19,Jajaja nah las palomas estan a otro nivel. A parte son re 침eris. No quiero terminar apu침alado
palomas_uy,OldAnxiety,False,mvjdtw,1619046031.0,4,Me gan칩 pal carajo
tulkas45,Borkkito,False,mvjdtw,1619034014.0,6,Gracias a vos capo que hasta lo pasaste pa fondito del cel y tomaste pedidos.
yael_18BTC,Borkkito,False,mvjdtw,1619094926.0,1,Deber칤as hacer NFTs con tu arte 游땔
CharruaBOT,Borkkito,False,mvjdtw,1619189618.0,1,">trabajo

Que trabajo, Obra de arte"
Dismal-Guava9362,S_B_5_8,False,mvjdtw,1619035912.0,5,Totalmente de acuerdo ponele una marca de agua antes que te lo roben
Borkkito,FullIndignation,False,mvjdtw,1619027646.0,5,fuaaa mil gracias capo!
Borkkito,yernidef,False,mvjdtw,1619027564.0,6,Me alegro que te haya gustado! [Us칠 esta imagen de base](https://www.orangesmile.com/common/img_cities_original/montevideo--907764-0.jpg)
Borkkito,tarzanboyz,False,mvjdtw,1619037917.0,6,"Mandale cartucho nomas! Yo capaz que hago lo mismo jaja. Este lo hice como para probar que tal quedaba. Si los proximos quedan bien capaz que los vendo. 

Gracias!"
Ratt28,agusgm2002,False,mvjdtw,1619051172.0,3,"This, y agregarle un efecto vhs para que tenga algo animado"
Borkkito,PM_YOUR_HEDGEHOGS,False,mvjdtw,1619034274.0,3,No puedo creer. Mi primer Chorip치n!!. GRACIAS!!!!
ToMateUnMateOUnChori,PM_YOUR_HEDGEHOGS,False,mvjdtw,1619034194.0,1,"#[Aqu칤 est치 tu chorip치n, /u/Borkkito!](https://i.imgur.com/3lkdsKj.jpg ""chorip치n"")

/u/Borkkito recibi칩 chorip치n 1 vez. (dado por /u/PM_YOUR_HEDGEHOGS)  
[^^쯈u칠 ^^es ^^esto?](https://github.com/ElectrWeakHyprCharge/chorimate/blob/master/Ayuda.md)"
Borkkito,Cerulean-Knight,False,mvjdtw,1619036911.0,3,"Sii, el tema que en ese encuadre de la foto no se ve la torre de Antel y decid칤 mantener lo que tenia la foto original y no agregar mas nada. Pero el proximo que haga seguro va a  ser de la torre de Antel porque va a quedar re bien en ese estilo. Gracias por el consejo!"
Elratauru,Elratauru,False,mvjdtw,1619070892.0,1,"On that note, Cortando el top y  el bottom queda bastante bien a 1920, de mientras vpi asi como esta (?"
